voivodeship,date,cases
śląskie,2020-12-01,1084
opolskie,2020-12-01,796
wielkopolskie,2020-12-01,796
zachodniopomorskie,2020-12-01,461
świętokrzyskie,2020-12-01,264
kujawsko-pomorskie,2020-12-01,1214
podlaskie,2020-12-01,216
dolnośląskie,2020-12-01,717
podkarpackie,2020-12-01,346
małopolskie,2020-12-01,486
pomorskie,2020-12-01,1214
warmińsko-mazurskie,2020-12-01,534
łódzkie,2020-12-01,615
mazowieckie,2020-12-01,765
lubelskie,2020-12-01,547
lubuskie,2020-12-01,187
śląskie,2020-11-30,445
opolskie,2020-11-30,532
wielkopolskie,2020-11-30,532
zachodniopomorskie,2020-11-30,599
świętokrzyskie,2020-11-30,192
kujawsko-pomorskie,2020-11-30,297
podlaskie,2020-11-30,118
dolnośląskie,2020-11-30,445
podkarpackie,2020-11-30,201
małopolskie,2020-11-30,280
pomorskie,2020-11-30,599
warmińsko-mazurskie,2020-11-30,327
łódzkie,2020-11-30,375
mazowieckie,2020-11-30,659
lubelskie,2020-11-30,285
lubuskie,2020-11-30,259
śląskie,2020-11-29,977
opolskie,2020-11-29,1574
wielkopolskie,2020-11-29,1574
zachodniopomorskie,2020-11-29,780
świętokrzyskie,2020-11-29,270
kujawsko-pomorskie,2020-11-29,623
podlaskie,2020-11-29,307
dolnośląskie,2020-11-29,781
podkarpackie,2020-11-29,339
małopolskie,2020-11-29,440
pomorskie,2020-11-29,978
warmińsko-mazurskie,2020-11-29,618
łódzkie,2020-11-29,838
mazowieckie,2020-11-29,1413
lubelskie,2020-11-29,616
lubuskie,2020-11-29,373
śląskie,2020-11-28,1481
opolskie,2020-11-28,1748
wielkopolskie,2020-11-28,1748
zachodniopomorskie,2020-11-28,902
świętokrzyskie,2020-11-28,310
kujawsko-pomorskie,2020-11-28,1004
podlaskie,2020-11-28,481
dolnośląskie,2020-11-28,1481
podkarpackie,2020-11-28,713
małopolskie,2020-11-28,661
pomorskie,2020-11-28,1026
warmińsko-mazurskie,2020-11-28,950
łódzkie,2020-11-28,658
mazowieckie,2020-11-28,1986
lubelskie,2020-11-28,937
lubuskie,2020-11-28,398
śląskie,2020-11-27,1560
opolskie,2020-11-27,2072
wielkopolskie,2020-11-27,2072
zachodniopomorskie,2020-11-27,915
świętokrzyskie,2020-11-27,406
kujawsko-pomorskie,2020-11-27,1368
podlaskie,2020-11-27,491
dolnośląskie,2020-11-27,1318
podkarpackie,2020-11-27,790
małopolskie,2020-11-27,868
pomorskie,2020-11-27,1368
warmińsko-mazurskie,2020-11-27,1065
łódzkie,2020-11-27,1001
mazowieckie,2020-11-27,2057
lubelskie,2020-11-27,802
lubuskie,2020-11-27,494
śląskie,2020-11-26,1824
opolskie,2020-11-26,1668
wielkopolskie,2020-11-26,1668
zachodniopomorskie,2020-11-26,991
świętokrzyskie,2020-11-26,473
kujawsko-pomorskie,2020-11-26,1207
podlaskie,2020-11-26,464
dolnośląskie,2020-11-26,1112
podkarpackie,2020-11-26,649
małopolskie,2020-11-26,914
pomorskie,2020-11-26,1207
warmińsko-mazurskie,2020-11-26,1210
łódzkie,2020-11-26,1099
mazowieckie,2020-11-26,1785
lubelskie,2020-11-26,1027
lubuskie,2020-11-26,508
śląskie,2020-11-25,1941
opolskie,2020-11-25,1420
wielkopolskie,2020-11-25,1420
zachodniopomorskie,2020-11-25,1011
świętokrzyskie,2020-11-25,303
kujawsko-pomorskie,2020-11-25,1321
podlaskie,2020-11-25,449
dolnośląskie,2020-11-25,825
podkarpackie,2020-11-25,590
małopolskie,2020-11-25,933
pomorskie,2020-11-25,1321
warmińsko-mazurskie,2020-11-25,858
łódzkie,2020-11-25,1010
mazowieckie,2020-11-25,1577
lubelskie,2020-11-25,932
lubuskie,2020-11-25,504
śląskie,2020-11-24,1035
opolskie,2020-11-24,630
wielkopolskie,2020-11-24,630
zachodniopomorskie,2020-11-24,457
świętokrzyskie,2020-11-24,359
kujawsko-pomorskie,2020-11-24,521
podlaskie,2020-11-24,309
dolnośląskie,2020-11-24,1035
podkarpackie,2020-11-24,540
małopolskie,2020-11-24,486
pomorskie,2020-11-24,979
warmińsko-mazurskie,2020-11-24,473
łódzkie,2020-11-24,563
mazowieckie,2020-11-24,1166
lubelskie,2020-11-24,670
lubuskie,2020-11-24,267
śląskie,2020-11-23,1035
opolskie,2020-11-23,1899
wielkopolskie,2020-11-23,1899
zachodniopomorskie,2020-11-23,965
świętokrzyskie,2020-11-23,364
kujawsko-pomorskie,2020-11-23,931
podlaskie,2020-11-23,455
dolnośląskie,2020-11-23,1035
podkarpackie,2020-11-23,540
małopolskie,2020-11-23,1401
pomorskie,2020-11-23,965
warmińsko-mazurskie,2020-11-23,864
łódzkie,2020-11-23,906
mazowieckie,2020-11-23,2295
lubelskie,2020-11-23,795
lubuskie,2020-11-23,406
śląskie,2020-11-22,1611
opolskie,2020-11-22,2070
wielkopolskie,2020-11-22,2070
zachodniopomorskie,2020-11-22,960
świętokrzyskie,2020-11-22,391
kujawsko-pomorskie,2020-11-22,1000
podlaskie,2020-11-22,865
dolnośląskie,2020-11-22,1005
podkarpackie,2020-11-22,703
małopolskie,2020-11-22,1444
pomorskie,2020-11-22,1139
warmińsko-mazurskie,2020-11-22,890
łódzkie,2020-11-22,1136
mazowieckie,2020-11-22,2607
lubelskie,2020-11-22,1511
lubuskie,2020-11-22,572
śląskie,2020-11-21,2263
opolskie,2020-11-21,2525
wielkopolskie,2020-11-21,2525
zachodniopomorskie,2020-11-21,1101
świętokrzyskie,2020-11-21,760
kujawsko-pomorskie,2020-11-21,1257
podlaskie,2020-11-21,927
dolnośląskie,2020-11-21,1792
podkarpackie,2020-11-21,872
małopolskie,2020-11-21,2213
pomorskie,2020-11-21,1715
warmińsko-mazurskie,2020-11-21,1191
łódzkie,2020-11-21,1563
mazowieckie,2020-11-21,3086
lubelskie,2020-11-21,1600
lubuskie,2020-11-21,645
śląskie,2020-11-20,2666
opolskie,2020-11-20,2258
wielkopolskie,2020-11-20,2258
zachodniopomorskie,2020-11-20,1276
świętokrzyskie,2020-11-20,860
kujawsko-pomorskie,2020-11-20,1431
podlaskie,2020-11-20,722
dolnośląskie,2020-11-20,1626
podkarpackie,2020-11-20,840
małopolskie,2020-11-20,1999
pomorskie,2020-11-20,1551
warmińsko-mazurskie,2020-11-20,1055
łódzkie,2020-11-20,1472
mazowieckie,2020-11-20,2679
lubelskie,2020-11-20,675
lubuskie,2020-11-20,562
śląskie,2020-11-19,4377
opolskie,2020-11-19,2153
wielkopolskie,2020-11-19,2153
zachodniopomorskie,2020-11-19,1185
świętokrzyskie,2020-11-19,945
kujawsko-pomorskie,2020-11-19,940
podlaskie,2020-11-19,517
dolnośląskie,2020-11-19,1808
podkarpackie,2020-11-19,1096
małopolskie,2020-11-19,1670
pomorskie,2020-11-19,1499
warmińsko-mazurskie,2020-11-19,1025
łódzkie,2020-11-19,1288
mazowieckie,2020-11-19,3041
lubelskie,2020-11-19,1108
lubuskie,2020-11-19,641
śląskie,2020-11-18,2214
opolskie,2020-11-18,1608
wielkopolskie,2020-11-18,1174
zachodniopomorskie,2020-11-18,1146
świętokrzyskie,2020-11-18,870
kujawsko-pomorskie,2020-11-18,854
podlaskie,2020-11-18,480
dolnośląskie,2020-11-18,2091
podkarpackie,2020-11-18,777
małopolskie,2020-11-18,1608
pomorskie,2020-11-18,1313
warmińsko-mazurskie,2020-11-18,788
łódzkie,2020-11-18,1154
mazowieckie,2020-11-18,3340
lubelskie,2020-11-18,627
lubuskie,2020-11-18,586
śląskie,2020-11-17,2442
opolskie,2020-11-17,1724
wielkopolskie,2020-11-17,1475
zachodniopomorskie,2020-11-17,1191
świętokrzyskie,2020-11-17,624
kujawsko-pomorskie,2020-11-17,738
podlaskie,2020-11-17,512
dolnośląskie,2020-11-17,2418
podkarpackie,2020-11-17,551
małopolskie,2020-11-17,1724
pomorskie,2020-11-17,1325
warmińsko-mazurskie,2020-11-17,463
łódzkie,2020-11-17,1096
mazowieckie,2020-11-17,2272
lubelskie,2020-11-17,1294
lubuskie,2020-11-17,295
śląskie,2020-11-16,3322
opolskie,2020-11-16,2400
wielkopolskie,2020-11-16,2400
zachodniopomorskie,2020-11-16,1110
świętokrzyskie,2020-11-16,787
kujawsko-pomorskie,2020-11-16,896
podlaskie,2020-11-16,487
dolnośląskie,2020-11-16,1784
podkarpackie,2020-11-16,842
małopolskie,2020-11-16,1295
pomorskie,2020-11-16,1110
warmińsko-mazurskie,2020-11-16,1040
łódzkie,2020-11-16,1083
mazowieckie,2020-11-16,2436
lubelskie,2020-11-16,1163
lubuskie,2020-11-16,577
śląskie,2020-11-15,3576
opolskie,2020-11-15,2143
wielkopolskie,2020-11-15,2143
zachodniopomorskie,2020-11-15,1033
świętokrzyskie,2020-11-15,685
kujawsko-pomorskie,2020-11-15,1723
podlaskie,2020-11-15,725
dolnośląskie,2020-11-15,2016
podkarpackie,2020-11-15,926
małopolskie,2020-11-15,1859
pomorskie,2020-11-15,1723
warmińsko-mazurskie,2020-11-15,820
łódzkie,2020-11-15,1389
mazowieckie,2020-11-15,1642
lubelskie,2020-11-15,1248
lubuskie,2020-11-15,419
śląskie,2020-11-14,3453
opolskie,2020-11-14,2742
wielkopolskie,2020-11-14,2742
zachodniopomorskie,2020-11-14,1045
świętokrzyskie,2020-11-14,1177
kujawsko-pomorskie,2020-11-14,955
podlaskie,2020-11-14,695
dolnośląskie,2020-11-14,2794
podkarpackie,2020-11-14,1162
małopolskie,2020-11-14,2202
pomorskie,2020-11-14,1328
warmińsko-mazurskie,2020-11-14,990
łódzkie,2020-11-14,1487
mazowieckie,2020-11-14,2419
lubelskie,2020-11-14,1563
lubuskie,2020-11-14,760
śląskie,2020-11-13,3841
opolskie,2020-11-13,2866
wielkopolskie,2020-11-13,2866
zachodniopomorskie,2020-11-13,1331
świętokrzyskie,2020-11-13,920
kujawsko-pomorskie,2020-11-13,1279
podlaskie,2020-11-13,402
dolnośląskie,2020-11-13,2823
podkarpackie,2020-11-13,1264
małopolskie,2020-11-13,2271
pomorskie,2020-11-13,1421
warmińsko-mazurskie,2020-11-13,746
łódzkie,2020-11-13,1557
mazowieckie,2020-11-13,1410
lubelskie,2020-11-13,526
lubuskie,2020-11-13,592
śląskie,2020-11-12,3911
opolskie,2020-11-12,2232
wielkopolskie,2020-11-12,2232
zachodniopomorskie,2020-11-12,768
świętokrzyskie,2020-11-12,825
kujawsko-pomorskie,2020-11-12,1083
podlaskie,2020-11-12,943
dolnośląskie,2020-11-12,1847
podkarpackie,2020-11-12,1276
małopolskie,2020-11-12,2132
pomorskie,2020-11-12,1114
warmińsko-mazurskie,2020-11-12,915
łódzkie,2020-11-12,1528
mazowieckie,2020-11-12,1746
lubelskie,2020-11-12,831
lubuskie,2020-11-12,688
śląskie,2020-11-11,4066
opolskie,2020-11-11,3081
wielkopolskie,2020-11-11,3081
zachodniopomorskie,2020-11-11,852
świętokrzyskie,2020-11-11,500
kujawsko-pomorskie,2020-11-11,792
podlaskie,2020-11-11,662
dolnośląskie,2020-11-11,2661
podkarpackie,2020-11-11,1152
małopolskie,2020-11-11,2947
pomorskie,2020-11-11,1321
warmińsko-mazurskie,2020-11-11,618
łódzkie,2020-11-11,1443
mazowieckie,2020-11-11,1976
lubelskie,2020-11-11,1449
lubuskie,2020-11-11,791
śląskie,2020-11-10,4276
opolskie,2020-11-10,3846
wielkopolskie,2020-11-10,3846
zachodniopomorskie,2020-11-10,738
świętokrzyskie,2020-11-10,753
kujawsko-pomorskie,2020-11-10,1108
podlaskie,2020-11-10,714
dolnośląskie,2020-11-10,2541
podkarpackie,2020-11-10,1236
małopolskie,2020-11-10,2697
pomorskie,2020-11-10,1116
warmińsko-mazurskie,2020-11-10,649
łódzkie,2020-11-10,1431
mazowieckie,2020-11-10,1982
lubelskie,2020-11-10,985
lubuskie,2020-11-10,650
śląskie,2020-11-09,4373
opolskie,2020-11-09,2650
wielkopolskie,2020-11-09,1983
zachodniopomorskie,2020-11-09,819
świętokrzyskie,2020-11-09,344
kujawsko-pomorskie,2020-11-09,1018
podlaskie,2020-11-09,497
dolnośląskie,2020-11-09,1719
podkarpackie,2020-11-09,1260
małopolskie,2020-11-09,2650
pomorskie,2020-11-09,1122
warmińsko-mazurskie,2020-11-09,694
łódzkie,2020-11-09,1269
mazowieckie,2020-11-09,1630
lubelskie,2020-11-09,1201
lubuskie,2020-11-09,543
śląskie,2020-11-08,4245
opolskie,2020-11-08,2806
wielkopolskie,2020-11-08,1845
zachodniopomorskie,2020-11-08,723
świętokrzyskie,2020-11-08,429
kujawsko-pomorskie,2020-11-08,1439
podlaskie,2020-11-08,1053
dolnośląskie,2020-11-08,1799
podkarpackie,2020-11-08,1822
małopolskie,2020-11-08,2806
pomorskie,2020-11-08,1439
warmińsko-mazurskie,2020-11-08,558
łódzkie,2020-11-08,1576
mazowieckie,2020-11-08,2099
lubelskie,2020-11-08,1728
lubuskie,2020-11-08,470
śląskie,2020-11-07,4290
opolskie,2020-11-07,2451
wielkopolskie,2020-11-07,2451
zachodniopomorskie,2020-11-07,1072
świętokrzyskie,2020-11-07,1231
kujawsko-pomorskie,2020-11-07,1809
podlaskie,2020-11-07,615
dolnośląskie,2020-11-07,2045
podkarpackie,2020-11-07,1946
małopolskie,2020-11-07,2450
pomorskie,2020-11-07,1809
warmińsko-mazurskie,2020-11-07,679
łódzkie,2020-11-07,1549
mazowieckie,2020-11-07,2998
lubelskie,2020-11-07,1794
lubuskie,2020-11-07,510
śląskie,2020-11-06,3942
opolskie,2020-11-06,2815
wielkopolskie,2020-11-06,2063
zachodniopomorskie,2020-11-06,903
świętokrzyskie,2020-11-06,1013
kujawsko-pomorskie,2020-11-06,1952
podlaskie,2020-11-06,580
dolnośląskie,2020-11-06,2512
podkarpackie,2020-11-06,1707
małopolskie,2020-11-06,2815
pomorskie,2020-11-06,1952
warmińsko-mazurskie,2020-11-06,826
łódzkie,2020-11-06,1593
mazowieckie,2020-11-06,2951
lubelskie,2020-11-06,1542
lubuskie,2020-11-06,497
śląskie,2020-11-05,3850
opolskie,2020-11-05,3888
wielkopolskie,2020-11-05,3888
zachodniopomorskie,2020-11-05,866
świętokrzyskie,2020-11-05,950
kujawsko-pomorskie,2020-11-05,1663
podlaskie,2020-11-05,902
dolnośląskie,2020-11-05,2451
podkarpackie,2020-11-05,1553
małopolskie,2020-11-05,2342
pomorskie,2020-11-05,1663
warmińsko-mazurskie,2020-11-05,795
łódzkie,2020-11-05,1713
mazowieckie,2020-11-05,2932
lubelskie,2020-11-05,805
lubuskie,2020-11-05,578
śląskie,2020-11-04,2324
opolskie,2020-11-04,3952
wielkopolskie,2020-11-04,3952
zachodniopomorskie,2020-11-04,747
świętokrzyskie,2020-11-04,767
kujawsko-pomorskie,2020-11-04,1429
podlaskie,2020-11-04,625
dolnośląskie,2020-11-04,2324
podkarpackie,2020-11-04,1280
małopolskie,2020-11-04,2245
pomorskie,2020-11-04,1429
warmińsko-mazurskie,2020-11-04,622
łódzkie,2020-11-04,1766
mazowieckie,2020-11-04,2797
lubelskie,2020-11-04,1543
lubuskie,2020-11-04,434
śląskie,2020-11-03,2407
opolskie,2020-11-03,2114
wielkopolskie,2020-11-03,2114
zachodniopomorskie,2020-11-03,454
świętokrzyskie,2020-11-03,551
kujawsko-pomorskie,2020-11-03,551
podlaskie,2020-11-03,316
dolnośląskie,2020-11-03,1964
podkarpackie,2020-11-03,929
małopolskie,2020-11-03,2106
pomorskie,2020-11-03,1317
warmińsko-mazurskie,2020-11-03,565
łódzkie,2020-11-03,1110
mazowieckie,2020-11-03,2959
lubelskie,2020-11-03,1290
lubuskie,2020-11-03,286
śląskie,2020-11-02,1362
opolskie,2020-11-02,1746
wielkopolskie,2020-11-02,1256
zachodniopomorskie,2020-11-02,572
świętokrzyskie,2020-11-02,294
kujawsko-pomorskie,2020-11-02,1379
podlaskie,2020-11-02,543
dolnośląskie,2020-11-02,737
podkarpackie,2020-11-02,1049
małopolskie,2020-11-02,1746
pomorskie,2020-11-02,1379
warmińsko-mazurskie,2020-11-02,582
łódzkie,2020-11-02,1180
mazowieckie,2020-11-02,2218
lubelskie,2020-11-02,1043
lubuskie,2020-11-02,295
śląskie,2020-11-01,1493
opolskie,2020-11-01,1480
wielkopolskie,2020-11-01,843
zachodniopomorskie,2020-11-01,711
świętokrzyskie,2020-11-01,262
kujawsko-pomorskie,2020-11-01,1734
podlaskie,2020-11-01,644
dolnośląskie,2020-11-01,524
podkarpackie,2020-11-01,1241
małopolskie,2020-11-01,1480
pomorskie,2020-11-01,1734
warmińsko-mazurskie,2020-11-01,539
łódzkie,2020-11-01,1670
mazowieckie,2020-11-01,2380
lubelskie,2020-11-01,1768
lubuskie,2020-11-01,401
śląskie,2020-10-31,2274
opolskie,2020-10-31,2329
wielkopolskie,2020-10-31,2329
zachodniopomorskie,2020-10-31,735
świętokrzyskie,2020-10-31,831
kujawsko-pomorskie,2020-10-31,1461
podlaskie,2020-10-31,612
dolnośląskie,2020-10-31,1229
podkarpackie,2020-10-31,1404
małopolskie,2020-10-31,1707
pomorskie,2020-10-31,1461
warmińsko-mazurskie,2020-10-31,737
łódzkie,2020-10-31,1700
mazowieckie,2020-10-31,3138
lubelskie,2020-10-31,1559
lubuskie,2020-10-31,498
śląskie,2020-10-30,1761
opolskie,2020-10-30,3082
wielkopolskie,2020-10-30,3082
zachodniopomorskie,2020-10-30,668
świętokrzyskie,2020-10-30,607
kujawsko-pomorskie,2020-10-30,1954
podlaskie,2020-10-30,358
dolnośląskie,2020-10-30,999
podkarpackie,2020-10-30,1274
małopolskie,2020-10-30,1914
pomorskie,2020-10-30,1954
warmińsko-mazurskie,2020-10-30,594
łódzkie,2020-10-30,1554
mazowieckie,2020-10-30,3416
lubelskie,2020-10-30,1455
lubuskie,2020-10-30,394
śląskie,2020-10-29,1994
opolskie,2020-10-29,2633
wielkopolskie,2020-10-29,2633
zachodniopomorskie,2020-10-29,549
świętokrzyskie,2020-10-29,599
kujawsko-pomorskie,2020-10-29,1403
podlaskie,2020-10-29,858
dolnośląskie,2020-10-29,857
podkarpackie,2020-10-29,1306
małopolskie,2020-10-29,1927
pomorskie,2020-10-29,1403
warmińsko-mazurskie,2020-10-29,525
łódzkie,2020-10-29,1794
mazowieckie,2020-10-29,2255
lubelskie,2020-10-29,1700
lubuskie,2020-10-29,321
śląskie,2020-10-28,1868
opolskie,2020-10-28,2885
wielkopolskie,2020-10-28,2885
zachodniopomorskie,2020-10-28,360
świętokrzyskie,2020-10-28,536
kujawsko-pomorskie,2020-10-28,1215
podlaskie,2020-10-28,290
dolnośląskie,2020-10-28,1140
podkarpackie,2020-10-28,1039
małopolskie,2020-10-28,2165
pomorskie,2020-10-28,1215
warmińsko-mazurskie,2020-10-28,442
łódzkie,2020-10-28,1860
mazowieckie,2020-10-28,2644
lubelskie,2020-10-28,700
lubuskie,2020-10-28,380
śląskie,2020-10-27,1298
opolskie,2020-10-27,1884
wielkopolskie,2020-10-27,1577
zachodniopomorskie,2020-10-27,521
świętokrzyskie,2020-10-27,434
kujawsko-pomorskie,2020-10-27,1499
podlaskie,2020-10-27,426
dolnośląskie,2020-10-27,917
podkarpackie,2020-10-27,742
małopolskie,2020-10-27,1884
pomorskie,2020-10-27,1499
warmińsko-mazurskie,2020-10-27,301
łódzkie,2020-10-27,1421
mazowieckie,2020-10-27,3529
lubelskie,2020-10-27,400
lubuskie,2020-10-27,323
śląskie,2020-10-26,1002
opolskie,2020-10-26,1144
wielkopolskie,2020-10-26,458
zachodniopomorskie,2020-10-26,560
świętokrzyskie,2020-10-26,316
kujawsko-pomorskie,2020-10-26,525
podlaskie,2020-10-26,206
dolnośląskie,2020-10-26,462
podkarpackie,2020-10-26,729
małopolskie,2020-10-26,1144
pomorskie,2020-10-26,672
warmińsko-mazurskie,2020-10-26,370
łódzkie,2020-10-26,695
mazowieckie,2020-10-26,1654
lubelskie,2020-10-26,750
lubuskie,2020-10-26,363
śląskie,2020-10-25,1
opolskie,2020-10-25,1
wielkopolskie,2020-10-25,851
zachodniopomorskie,2020-10-25,474
świętokrzyskie,2020-10-25,405
kujawsko-pomorskie,2020-10-25,1
podlaskie,2020-10-25,212
dolnośląskie,2020-10-25,585
podkarpackie,2020-10-25,912
małopolskie,2020-10-25,1
pomorskie,2020-10-25,1
warmińsko-mazurskie,2020-10-25,340
łódzkie,2020-10-25,818
mazowieckie,2020-10-25,1
lubelskie,2020-10-25,700
lubuskie,2020-10-25,312
śląskie,2020-10-24,1262
opolskie,2020-10-24,1482
wielkopolskie,2020-10-24,1472
zachodniopomorskie,2020-10-24,580
świętokrzyskie,2020-10-24,412
kujawsko-pomorskie,2020-10-24,777
podlaskie,2020-10-24,308
dolnośląskie,2020-10-24,645
podkarpackie,2020-10-24,891
małopolskie,2020-10-24,1482
pomorskie,2020-10-24,777
warmińsko-mazurskie,2020-10-24,344
łódzkie,2020-10-24,1001
mazowieckie,2020-10-24,2026
lubelskie,2020-10-24,715
lubuskie,2020-10-24,379
śląskie,2020-10-23,1305
opolskie,2020-10-23,1554
wielkopolskie,2020-10-23,1050
zachodniopomorskie,2020-10-23,558
świętokrzyskie,2020-10-23,639
kujawsko-pomorskie,2020-10-23,1207
podlaskie,2020-10-23,226
dolnośląskie,2020-10-23,667
podkarpackie,2020-10-23,852
małopolskie,2020-10-23,1554
pomorskie,2020-10-23,1207
warmińsko-mazurskie,2020-10-23,365
łódzkie,2020-10-23,800
mazowieckie,2020-10-23,2075
lubelskie,2020-10-23,743
lubuskie,2020-10-23,449
śląskie,2020-10-22,1168
opolskie,2020-10-22,1516
wielkopolskie,2020-10-22,1516
zachodniopomorskie,2020-10-22,515
świętokrzyskie,2020-10-22,486
kujawsko-pomorskie,2020-10-22,905
podlaskie,2020-10-22,224
dolnośląskie,2020-10-22,610
podkarpackie,2020-10-22,777
małopolskie,2020-10-22,1331
pomorskie,2020-10-22,905
warmińsko-mazurskie,2020-10-22,311
łódzkie,2020-10-22,863
mazowieckie,2020-10-22,1579
lubelskie,2020-10-22,411
lubuskie,2020-10-22,297
śląskie,2020-10-21,1
opolskie,2020-10-21,1
wielkopolskie,2020-10-21,755
zachodniopomorskie,2020-10-21,285
świętokrzyskie,2020-10-21,259
kujawsko-pomorskie,2020-10-21,771
podlaskie,2020-10-21,268
dolnośląskie,2020-10-21,462
podkarpackie,2020-10-21,881
małopolskie,2020-10-21,1
pomorskie,2020-10-21,771
warmińsko-mazurskie,2020-10-21,348
łódzkie,2020-10-21,675
mazowieckie,2020-10-21,1
lubelskie,2020-10-21,658
lubuskie,2020-10-21,283
śląskie,2020-10-20,895
opolskie,2020-10-20,1486
wielkopolskie,2020-10-20,1186
zachodniopomorskie,2020-10-20,213
świętokrzyskie,2020-10-20,312
kujawsko-pomorskie,2020-10-20,446
podlaskie,2020-10-20,209
dolnośląskie,2020-10-20,567
podkarpackie,2020-10-20,667
małopolskie,2020-10-20,1486
pomorskie,2020-10-20,484
warmińsko-mazurskie,2020-10-20,165
łódzkie,2020-10-20,625
mazowieckie,2020-10-20,1282
lubelskie,2020-10-20,219
lubuskie,2020-10-20,228
śląskie,2020-10-19,685
opolskie,2020-10-19,1201
wielkopolskie,2020-10-19,423
zachodniopomorskie,2020-10-19,217
świętokrzyskie,2020-10-19,170
kujawsko-pomorskie,2020-10-19,473
podlaskie,2020-10-19,283
dolnośląskie,2020-10-19,406
podkarpackie,2020-10-19,458
małopolskie,2020-10-19,1201
pomorskie,2020-10-19,481
warmińsko-mazurskie,2020-10-19,190
łódzkie,2020-10-19,679
mazowieckie,2020-10-19,849
lubelskie,2020-10-19,526
lubuskie,2020-10-19,93
śląskie,2020-10-18,974
opolskie,2020-10-18,934
wielkopolskie,2020-10-18,724
zachodniopomorskie,2020-10-18,317
świętokrzyskie,2020-10-18,211
kujawsko-pomorskie,2020-10-18,523
podlaskie,2020-10-18,139
dolnośląskie,2020-10-18,369
podkarpackie,2020-10-18,721
małopolskie,2020-10-18,934
pomorskie,2020-10-18,523
warmińsko-mazurskie,2020-10-18,210
łódzkie,2020-10-18,584
mazowieckie,2020-10-18,1342
lubelskie,2020-10-18,580
lubuskie,2020-10-18,169
śląskie,2020-10-17,765
opolskie,2020-10-17,1254
wielkopolskie,2020-10-17,1058
zachodniopomorskie,2020-10-17,340
świętokrzyskie,2020-10-17,396
kujawsko-pomorskie,2020-10-17,470
podlaskie,2020-10-17,149
dolnośląskie,2020-10-17,524
podkarpackie,2020-10-17,704
małopolskie,2020-10-17,1254
pomorskie,2020-10-17,563
warmińsko-mazurskie,2020-10-17,224
łódzkie,2020-10-17,821
mazowieckie,2020-10-17,1485
lubelskie,2020-10-17,429
lubuskie,2020-10-17,157
śląskie,2020-10-16,769
opolskie,2020-10-16,1105
wielkopolskie,2020-10-16,592
zachodniopomorskie,2020-10-16,311
świętokrzyskie,2020-10-16,314
kujawsko-pomorskie,2020-10-16,470
podlaskie,2020-10-16,201
dolnośląskie,2020-10-16,441
podkarpackie,2020-10-16,563
małopolskie,2020-10-16,1105
pomorskie,2020-10-16,547
warmińsko-mazurskie,2020-10-16,181
łódzkie,2020-10-16,648
mazowieckie,2020-10-16,911
lubelskie,2020-10-16,284
lubuskie,2020-10-16,147
śląskie,2020-10-15,822
opolskie,2020-10-15,1303
wielkopolskie,2020-10-15,835
zachodniopomorskie,2020-10-15,177
świętokrzyskie,2020-10-15,283
kujawsko-pomorskie,2020-10-15,318
podlaskie,2020-10-15,139
dolnośląskie,2020-10-15,382
podkarpackie,2020-10-15,420
małopolskie,2020-10-15,1303
pomorskie,2020-10-15,458
warmińsko-mazurskie,2020-10-15,191
łódzkie,2020-10-15,691
mazowieckie,2020-10-15,1306
lubelskie,2020-10-15,315
lubuskie,2020-10-15,177
śląskie,2020-10-14,520
opolskie,2020-10-14,1137
wielkopolskie,2020-10-14,508
zachodniopomorskie,2020-10-14,175
świętokrzyskie,2020-10-14,255
kujawsko-pomorskie,2020-10-14,356
podlaskie,2020-10-14,174
dolnośląskie,2020-10-14,315
podkarpackie,2020-10-14,319
małopolskie,2020-10-14,1137
pomorskie,2020-10-14,356
warmińsko-mazurskie,2020-10-14,196
łódzkie,2020-10-14,405
mazowieckie,2020-10-14,1188
lubelskie,2020-10-14,256
lubuskie,2020-10-14,145
śląskie,2020-10-13,441
opolskie,2020-10-13,898
wielkopolskie,2020-10-13,334
zachodniopomorskie,2020-10-13,151
świętokrzyskie,2020-10-13,121
kujawsko-pomorskie,2020-10-13,341
podlaskie,2020-10-13,183
dolnośląskie,2020-10-13,342
podkarpackie,2020-10-13,391
małopolskie,2020-10-13,898
pomorskie,2020-10-13,341
warmińsko-mazurskie,2020-10-13,79
łódzkie,2020-10-13,349
mazowieckie,2020-10-13,552
lubelskie,2020-10-13,163
lubuskie,2020-10-13,164
śląskie,2020-10-12,262
opolskie,2020-10-12,690
wielkopolskie,2020-10-12,530
zachodniopomorskie,2020-10-12,116
świętokrzyskie,2020-10-12,187
kujawsko-pomorskie,2020-10-12,258
podlaskie,2020-10-12,130
dolnośląskie,2020-10-12,199
podkarpackie,2020-10-12,334
małopolskie,2020-10-12,690
pomorskie,2020-10-12,284
warmińsko-mazurskie,2020-10-12,73
łódzkie,2020-10-12,344
mazowieckie,2020-10-12,441
lubelskie,2020-10-12,379
lubuskie,2020-10-12,14
śląskie,2020-10-11,354
opolskie,2020-10-11,685
wielkopolskie,2020-10-11,380
zachodniopomorskie,2020-10-11,155
świętokrzyskie,2020-10-11,152
kujawsko-pomorskie,2020-10-11,136
podlaskie,2020-10-11,110
dolnośląskie,2020-10-11,186
podkarpackie,2020-10-11,315
małopolskie,2020-10-11,685
pomorskie,2020-10-11,331
warmińsko-mazurskie,2020-10-11,106
łódzkie,2020-10-11,314
mazowieckie,2020-10-11,433
lubelskie,2020-10-11,304
lubuskie,2020-10-11,94
śląskie,2020-10-10,412
opolskie,2020-10-10,631
wielkopolskie,2020-10-10,360
zachodniopomorskie,2020-10-10,152
świętokrzyskie,2020-10-10,218
kujawsko-pomorskie,2020-10-10,554
podlaskie,2020-10-10,172
dolnośląskie,2020-10-10,242
podkarpackie,2020-10-10,347
małopolskie,2020-10-10,631
pomorskie,2020-10-10,554
warmińsko-mazurskie,2020-10-10,110
łódzkie,2020-10-10,411
mazowieckie,2020-10-10,816
lubelskie,2020-10-10,251
lubuskie,2020-10-10,121
śląskie,2020-10-09,490
opolskie,2020-10-09,724
wielkopolskie,2020-10-09,436
zachodniopomorskie,2020-10-09,130
świętokrzyskie,2020-10-09,192
kujawsko-pomorskie,2020-10-09,324
podlaskie,2020-10-09,117
dolnośląskie,2020-10-09,250
podkarpackie,2020-10-09,368
małopolskie,2020-10-09,724
pomorskie,2020-10-09,388
warmińsko-mazurskie,2020-10-09,102
łódzkie,2020-10-09,363
mazowieckie,2020-10-09,521
lubelskie,2020-10-09,185
lubuskie,2020-10-09,33
śląskie,2020-10-08,375
opolskie,2020-10-08,548
wielkopolskie,2020-10-08,505
zachodniopomorskie,2020-10-08,116
świętokrzyskie,2020-10-08,159
kujawsko-pomorskie,2020-10-08,311
podlaskie,2020-10-08,94
dolnośląskie,2020-10-08,258
podkarpackie,2020-10-08,256
małopolskie,2020-10-08,548
pomorskie,2020-10-08,313
warmińsko-mazurskie,2020-10-08,105
łódzkie,2020-10-08,279
mazowieckie,2020-10-08,598
lubelskie,2020-10-08,204
lubuskie,2020-10-08,69
śląskie,2020-10-07,286
opolskie,2020-10-07,357
wielkopolskie,2020-10-07,242
zachodniopomorskie,2020-10-07,146
świętokrzyskie,2020-10-07,149
kujawsko-pomorskie,2020-10-07,184
podlaskie,2020-10-07,84
dolnośląskie,2020-10-07,184
podkarpackie,2020-10-07,141
małopolskie,2020-10-07,357
pomorskie,2020-10-07,193
warmińsko-mazurskie,2020-10-07,119
łódzkie,2020-10-07,223
mazowieckie,2020-10-07,527
lubelskie,2020-10-07,106
lubuskie,2020-10-07,12
śląskie,2020-10-06,218
opolskie,2020-10-06,268
wielkopolskie,2020-10-06,106
zachodniopomorskie,2020-10-06,111
świętokrzyskie,2020-10-06,139
kujawsko-pomorskie,2020-10-06,153
podlaskie,2020-10-06,57
dolnośląskie,2020-10-06,140
podkarpackie,2020-10-06,137
małopolskie,2020-10-06,268
pomorskie,2020-10-06,199
warmińsko-mazurskie,2020-10-06,35
łódzkie,2020-10-06,155
mazowieckie,2020-10-06,318
lubelskie,2020-10-06,138
lubuskie,2020-10-06,9
śląskie,2020-10-05,125
opolskie,2020-10-05,217
wielkopolskie,2020-10-05,180
zachodniopomorskie,2020-10-05,41
świętokrzyskie,2020-10-05,49
kujawsko-pomorskie,2020-10-05,109
podlaskie,2020-10-05,90
dolnośląskie,2020-10-05,87
podkarpackie,2020-10-05,142
małopolskie,2020-10-05,217
pomorskie,2020-10-05,202
warmińsko-mazurskie,2020-10-05,28
łódzkie,2020-10-05,126
mazowieckie,2020-10-05,336
lubelskie,2020-10-05,172
lubuskie,2020-10-05,54
śląskie,2020-10-04,120
opolskie,2020-10-04,185
wielkopolskie,2020-10-04,168
zachodniopomorskie,2020-10-04,58
świętokrzyskie,2020-10-04,70
kujawsko-pomorskie,2020-10-04,229
podlaskie,2020-10-04,76
dolnośląskie,2020-10-04,62
podkarpackie,2020-10-04,141
małopolskie,2020-10-04,185
pomorskie,2020-10-04,229
warmińsko-mazurskie,2020-10-04,69
łódzkie,2020-10-04,127
mazowieckie,2020-10-04,164
lubelskie,2020-10-04,102
lubuskie,2020-10-04,96
śląskie,2020-10-03,221
opolskie,2020-10-03,290
wielkopolskie,2020-10-03,224
zachodniopomorskie,2020-10-03,62
świętokrzyskie,2020-10-03,156
kujawsko-pomorskie,2020-10-03,110
podlaskie,2020-10-03,126
dolnośląskie,2020-10-03,63
podkarpackie,2020-10-03,141
małopolskie,2020-10-03,290
pomorskie,2020-10-03,244
warmińsko-mazurskie,2020-10-03,76
łódzkie,2020-10-03,152
mazowieckie,2020-10-03,277
lubelskie,2020-10-03,116
lubuskie,2020-10-03,56
śląskie,2020-10-02,179
opolskie,2020-10-02,282
wielkopolskie,2020-10-02,196
zachodniopomorskie,2020-10-02,114
świętokrzyskie,2020-10-02,33
kujawsko-pomorskie,2020-10-02,218
podlaskie,2020-10-02,86
dolnośląskie,2020-10-02,101
podkarpackie,2020-10-02,218
małopolskie,2020-10-02,282
pomorskie,2020-10-02,228
warmińsko-mazurskie,2020-10-02,72
łódzkie,2020-10-02,140
mazowieckie,2020-10-02,246
lubelskie,2020-10-02,97
lubuskie,2020-10-02,26
śląskie,2020-10-01,148
opolskie,2020-10-01,285
wielkopolskie,2020-10-01,173
zachodniopomorskie,2020-10-01,58
świętokrzyskie,2020-10-01,43
kujawsko-pomorskie,2020-10-01,179
podlaskie,2020-10-01,64
dolnośląskie,2020-10-01,96
podkarpackie,2020-10-01,107
małopolskie,2020-10-01,285
pomorskie,2020-10-01,180
warmińsko-mazurskie,2020-10-01,102
łódzkie,2020-10-01,117
mazowieckie,2020-10-01,268
lubelskie,2020-10-01,98
lubuskie,2020-10-01,28
śląskie,2020-09-30,128
opolskie,2020-09-30,205
wielkopolskie,2020-09-30,140
zachodniopomorskie,2020-09-30,73
świętokrzyskie,2020-09-30,50
kujawsko-pomorskie,2020-09-30,78
podlaskie,2020-09-30,57
dolnośląskie,2020-09-30,69
podkarpackie,2020-09-30,94
małopolskie,2020-09-30,205
pomorskie,2020-09-30,194
warmińsko-mazurskie,2020-09-30,67
łódzkie,2020-09-30,87
mazowieckie,2020-09-30,159
lubelskie,2020-09-30,82
lubuskie,2020-09-30,33
śląskie,2020-09-29,124
opolskie,2020-09-29,167
wielkopolskie,2020-09-29,81
zachodniopomorskie,2020-09-29,58
świętokrzyskie,2020-09-29,39
kujawsko-pomorskie,2020-09-29,120
podlaskie,2020-09-29,57
dolnośląskie,2020-09-29,64
podkarpackie,2020-09-29,115
małopolskie,2020-09-29,167
pomorskie,2020-09-29,127
warmińsko-mazurskie,2020-09-29,50
łódzkie,2020-09-29,92
mazowieckie,2020-09-29,151
lubelskie,2020-09-29,29
lubuskie,2020-09-29,16
śląskie,2020-09-28,83
opolskie,2020-09-28,200
wielkopolskie,2020-09-28,200
zachodniopomorskie,2020-09-28,25
świętokrzyskie,2020-09-28,18
kujawsko-pomorskie,2020-09-28,152
podlaskie,2020-09-28,59
dolnośląskie,2020-09-28,28
podkarpackie,2020-09-28,73
małopolskie,2020-09-28,134
pomorskie,2020-09-28,152
warmińsko-mazurskie,2020-09-28,14
łódzkie,2020-09-28,57
mazowieckie,2020-09-28,152
lubelskie,2020-09-28,87
lubuskie,2020-09-28,39
śląskie,2020-09-27,93
opolskie,2020-09-27,152
wielkopolskie,2020-09-27,102
zachodniopomorskie,2020-09-27,57
świętokrzyskie,2020-09-27,39
kujawsko-pomorskie,2020-09-27,72
podlaskie,2020-09-27,65
dolnośląskie,2020-09-27,49
podkarpackie,2020-09-27,70
małopolskie,2020-09-27,152
pomorskie,2020-09-27,191
warmińsko-mazurskie,2020-09-27,82
łódzkie,2020-09-27,86
mazowieckie,2020-09-27,193
lubelskie,2020-09-27,77
lubuskie,2020-09-27,6
śląskie,2020-09-26,141
opolskie,2020-09-26,259
wielkopolskie,2020-09-26,167
zachodniopomorskie,2020-09-26,51
świętokrzyskie,2020-09-26,41
kujawsko-pomorskie,2020-09-26,166
podlaskie,2020-09-26,76
dolnośląskie,2020-09-26,63
podkarpackie,2020-09-26,72
małopolskie,2020-09-26,259
pomorskie,2020-09-26,166
warmińsko-mazurskie,2020-09-26,43
łódzkie,2020-09-26,104
mazowieckie,2020-09-26,146
lubelskie,2020-09-26,60
lubuskie,2020-09-26,12
śląskie,2020-09-25,126
opolskie,2020-09-25,241
wielkopolskie,2020-09-25,84
zachodniopomorskie,2020-09-25,61
świętokrzyskie,2020-09-25,52
kujawsko-pomorskie,2020-09-25,162
podlaskie,2020-09-25,54
dolnośląskie,2020-09-25,52
podkarpackie,2020-09-25,55
małopolskie,2020-09-25,241
pomorskie,2020-09-25,162
warmińsko-mazurskie,2020-09-25,87
łódzkie,2020-09-25,78
mazowieckie,2020-09-25,295
lubelskie,2020-09-25,59
lubuskie,2020-09-25,15
śląskie,2020-09-24,110
opolskie,2020-09-24,183
wielkopolskie,2020-09-24,84
zachodniopomorskie,2020-09-24,28
świętokrzyskie,2020-09-24,36
kujawsko-pomorskie,2020-09-24,41
podlaskie,2020-09-24,38
dolnośląskie,2020-09-24,58
podkarpackie,2020-09-24,62
małopolskie,2020-09-24,183
pomorskie,2020-09-24,143
warmińsko-mazurskie,2020-09-24,23
łódzkie,2020-09-24,84
mazowieckie,2020-09-24,149
lubelskie,2020-09-24,58
lubuskie,2020-09-24,20
śląskie,2020-09-23,82
opolskie,2020-09-23,135
wielkopolskie,2020-09-23,76
zachodniopomorskie,2020-09-23,16
świętokrzyskie,2020-09-23,36
kujawsko-pomorskie,2020-09-23,54
podlaskie,2020-09-23,22
dolnośląskie,2020-09-23,46
podkarpackie,2020-09-23,24
małopolskie,2020-09-23,135
pomorskie,2020-09-23,114
warmińsko-mazurskie,2020-09-23,34
łódzkie,2020-09-23,84
mazowieckie,2020-09-23,164
lubelskie,2020-09-23,46
lubuskie,2020-09-23,17
śląskie,2020-09-22,72
opolskie,2020-09-22,112
wielkopolskie,2020-09-22,36
zachodniopomorskie,2020-09-22,39
świętokrzyskie,2020-09-22,21
kujawsko-pomorskie,2020-09-22,13
podlaskie,2020-09-22,21
dolnośląskie,2020-09-22,47
podkarpackie,2020-09-22,30
małopolskie,2020-09-22,112
pomorskie,2020-09-22,83
warmińsko-mazurskie,2020-09-22,21
łódzkie,2020-09-22,51
mazowieckie,2020-09-22,108
lubelskie,2020-09-22,21
lubuskie,2020-09-22,8
śląskie,2020-09-21,45
opolskie,2020-09-21,83
wielkopolskie,2020-09-21,52
zachodniopomorskie,2020-09-21,12
świętokrzyskie,2020-09-21,8
kujawsko-pomorskie,2020-09-21,21
podlaskie,2020-09-21,13
dolnośląskie,2020-09-21,9
podkarpackie,2020-09-21,58
małopolskie,2020-09-21,83
pomorskie,2020-09-21,90
warmińsko-mazurskie,2020-09-21,11
łódzkie,2020-09-21,93
mazowieckie,2020-09-21,120
lubelskie,2020-09-21,48
lubuskie,2020-09-21,15
śląskie,2020-09-20,74
opolskie,2020-09-20,123
wielkopolskie,2020-09-20,123
zachodniopomorskie,2020-09-20,13
świętokrzyskie,2020-09-20,18
kujawsko-pomorskie,2020-09-20,26
podlaskie,2020-09-20,21
dolnośląskie,2020-09-20,45
podkarpackie,2020-09-20,62
małopolskie,2020-09-20,103
pomorskie,2020-09-20,55
warmińsko-mazurskie,2020-09-20,23
łódzkie,2020-09-20,54
mazowieckie,2020-09-20,164
lubelskie,2020-09-20,35
lubuskie,2020-09-20,10
śląskie,2020-09-19,83
opolskie,2020-09-19,149
wielkopolskie,2020-09-19,94
zachodniopomorskie,2020-09-19,31
świętokrzyskie,2020-09-19,21
kujawsko-pomorskie,2020-09-19,35
podlaskie,2020-09-19,24
dolnośląskie,2020-09-19,83
podkarpackie,2020-09-19,69
małopolskie,2020-09-19,149
pomorskie,2020-09-19,96
warmińsko-mazurskie,2020-09-19,22
łódzkie,2020-09-19,61
mazowieckie,2020-09-19,88
lubelskie,2020-09-19,122
lubuskie,2020-09-19,8
śląskie,2020-09-18,65
opolskie,2020-09-18,92
wielkopolskie,2020-09-18,75
zachodniopomorskie,2020-09-18,20
świętokrzyskie,2020-09-18,27
kujawsko-pomorskie,2020-09-18,42
podlaskie,2020-09-18,15
dolnośląskie,2020-09-18,37
podkarpackie,2020-09-18,47
małopolskie,2020-09-18,92
pomorskie,2020-09-18,73
warmińsko-mazurskie,2020-09-18,26
łódzkie,2020-09-18,77
mazowieckie,2020-09-18,88
lubelskie,2020-09-18,39
lubuskie,2020-09-18,15
śląskie,2020-09-17,64
opolskie,2020-09-17,124
wielkopolskie,2020-09-17,74
zachodniopomorskie,2020-09-17,41
świętokrzyskie,2020-09-17,32
kujawsko-pomorskie,2020-09-17,15
podlaskie,2020-09-17,23
dolnośląskie,2020-09-17,25
podkarpackie,2020-09-17,41
małopolskie,2020-09-17,124
pomorskie,2020-09-17,134
warmińsko-mazurskie,2020-09-17,29
łódzkie,2020-09-17,41
mazowieckie,2020-09-17,168
lubelskie,2020-09-17,3
lubuskie,2020-09-17,4
śląskie,2020-09-16,62
opolskie,2020-09-16,111
wielkopolskie,2020-09-16,20
zachodniopomorskie,2020-09-16,24
świętokrzyskie,2020-09-16,8
kujawsko-pomorskie,2020-09-16,35
podlaskie,2020-09-16,27
dolnośląskie,2020-09-16,47
podkarpackie,2020-09-16,34
małopolskie,2020-09-16,111
pomorskie,2020-09-16,53
warmińsko-mazurskie,2020-09-16,13
łódzkie,2020-09-16,31
mazowieckie,2020-09-16,70
lubelskie,2020-09-16,42
lubuskie,2020-09-16,4
śląskie,2020-09-15,62
opolskie,2020-09-15,120
wielkopolskie,2020-09-15,28
zachodniopomorskie,2020-09-15,17
świętokrzyskie,2020-09-15,33
kujawsko-pomorskie,2020-09-15,22
podlaskie,2020-09-15,11
dolnośląskie,2020-09-15,60
podkarpackie,2020-09-15,20
małopolskie,2020-09-15,120
pomorskie,2020-09-15,41
warmińsko-mazurskie,2020-09-15,21
łódzkie,2020-09-15,17
mazowieckie,2020-09-15,98
lubelskie,2020-09-15,22
lubuskie,2020-09-15,5
śląskie,2020-09-14,45
opolskie,2020-09-14,52
wielkopolskie,2020-09-14,23
zachodniopomorskie,2020-09-14,3
świętokrzyskie,2020-09-14,4
kujawsko-pomorskie,2020-09-14,24
podlaskie,2020-09-14,8
dolnośląskie,2020-09-14,9
podkarpackie,2020-09-14,41
małopolskie,2020-09-14,52
pomorskie,2020-09-14,46
warmińsko-mazurskie,2020-09-14,2
łódzkie,2020-09-14,24
mazowieckie,2020-09-14,61
lubelskie,2020-09-14,4
lubuskie,2020-09-14,5
śląskie,2020-09-13,53
opolskie,2020-09-13,73
wielkopolskie,2020-09-13,73
zachodniopomorskie,2020-09-13,2
świętokrzyskie,2020-09-13,13
kujawsko-pomorskie,2020-09-13,21
podlaskie,2020-09-13,17
dolnośląskie,2020-09-13,16
podkarpackie,2020-09-13,33
małopolskie,2020-09-13,66
pomorskie,2020-09-13,55
warmińsko-mazurskie,2020-09-13,13
łódzkie,2020-09-13,18
mazowieckie,2020-09-13,85
lubelskie,2020-09-13,26
lubuskie,2020-09-13,6
śląskie,2020-09-12,72
opolskie,2020-09-12,93
wielkopolskie,2020-09-12,50
zachodniopomorskie,2020-09-12,14
świętokrzyskie,2020-09-12,17
kujawsko-pomorskie,2020-09-12,54
podlaskie,2020-09-12,5
dolnośląskie,2020-09-12,11
podkarpackie,2020-09-12,39
małopolskie,2020-09-12,93
pomorskie,2020-09-12,79
warmińsko-mazurskie,2020-09-12,18
łódzkie,2020-09-12,37
mazowieckie,2020-09-12,64
lubelskie,2020-09-12,29
lubuskie,2020-09-12,7
śląskie,2020-09-11,47
opolskie,2020-09-11,116
wielkopolskie,2020-09-11,57
zachodniopomorskie,2020-09-11,11
świętokrzyskie,2020-09-11,15
kujawsko-pomorskie,2020-09-11,15
podlaskie,2020-09-11,33
dolnośląskie,2020-09-11,47
podkarpackie,2020-09-11,46
małopolskie,2020-09-11,116
pomorskie,2020-09-11,39
warmińsko-mazurskie,2020-09-11,17
łódzkie,2020-09-11,28
mazowieckie,2020-09-11,78
lubelskie,2020-09-11,26
lubuskie,2020-09-11,5
śląskie,2020-09-10,51
opolskie,2020-09-10,99
wielkopolskie,2020-09-10,76
zachodniopomorskie,2020-09-10,12
świętokrzyskie,2020-09-10,18
kujawsko-pomorskie,2020-09-10,20
podlaskie,2020-09-10,16
dolnośląskie,2020-09-10,20
podkarpackie,2020-09-10,17
małopolskie,2020-09-10,99
pomorskie,2020-09-10,32
warmińsko-mazurskie,2020-09-10,13
łódzkie,2020-09-10,13
mazowieckie,2020-09-10,68
lubelskie,2020-09-10,21
lubuskie,2020-09-10,6
śląskie,2020-09-09,57
opolskie,2020-09-09,67
wielkopolskie,2020-09-09,28
zachodniopomorskie,2020-09-09,11
świętokrzyskie,2020-09-09,17
kujawsko-pomorskie,2020-09-09,14
podlaskie,2020-09-09,5
dolnośląskie,2020-09-09,34
podkarpackie,2020-09-09,22
małopolskie,2020-09-09,67
pomorskie,2020-09-09,38
warmińsko-mazurskie,2020-09-09,18
łódzkie,2020-09-09,12
mazowieckie,2020-09-09,61
lubelskie,2020-09-09,19
lubuskie,2020-09-09,6
śląskie,2020-09-08,52
opolskie,2020-09-08,97
wielkopolskie,2020-09-08,31
zachodniopomorskie,2020-09-08,16
świętokrzyskie,2020-09-08,11
kujawsko-pomorskie,2020-09-08,8
podlaskie,2020-09-08,9
dolnośląskie,2020-09-08,49
podkarpackie,2020-09-08,16
małopolskie,2020-09-08,97
pomorskie,2020-09-08,26
warmińsko-mazurskie,2020-09-08,4
łódzkie,2020-09-08,12
mazowieckie,2020-09-08,52
lubelskie,2020-09-08,6
lubuskie,2020-09-08,4
śląskie,2020-09-07,31
opolskie,2020-09-07,88
wielkopolskie,2020-09-07,21
zachodniopomorskie,2020-09-07,3
świętokrzyskie,2020-09-07,9
kujawsko-pomorskie,2020-09-07,15
podlaskie,2020-09-07,19
dolnośląskie,2020-09-07,6
podkarpackie,2020-09-07,23
małopolskie,2020-09-07,88
pomorskie,2020-09-07,20
warmińsko-mazurskie,2020-09-07,15
łódzkie,2020-09-07,8
mazowieckie,2020-09-07,25
lubelskie,2020-09-07,13
lubuskie,2020-09-07,1
śląskie,2020-09-06,35
opolskie,2020-09-06,90
wielkopolskie,2020-09-06,35
zachodniopomorskie,2020-09-06,4
świętokrzyskie,2020-09-06,15
kujawsko-pomorskie,2020-09-06,19
podlaskie,2020-09-06,14
dolnośląskie,2020-09-06,8
podkarpackie,2020-09-06,33
małopolskie,2020-09-06,90
pomorskie,2020-09-06,45
warmińsko-mazurskie,2020-09-06,9
łódzkie,2020-09-06,20
mazowieckie,2020-09-06,59
lubelskie,2020-09-06,13
lubuskie,2020-09-06,2
śląskie,2020-09-05,48
opolskie,2020-09-05,120
wielkopolskie,2020-09-05,59
zachodniopomorskie,2020-09-05,14
świętokrzyskie,2020-09-05,26
kujawsko-pomorskie,2020-09-05,13
podlaskie,2020-09-05,11
dolnośląskie,2020-09-05,23
podkarpackie,2020-09-05,58
małopolskie,2020-09-05,120
pomorskie,2020-09-05,42
warmińsko-mazurskie,2020-09-05,16
łódzkie,2020-09-05,31
mazowieckie,2020-09-05,68
lubelskie,2020-09-05,15
lubuskie,2020-09-05,14
śląskie,2020-09-04,54
opolskie,2020-09-04,120
wielkopolskie,2020-09-04,93
zachodniopomorskie,2020-09-04,2
świętokrzyskie,2020-09-04,15
kujawsko-pomorskie,2020-09-04,11
podlaskie,2020-09-04,8
dolnośląskie,2020-09-04,27
podkarpackie,2020-09-04,92
małopolskie,2020-09-04,120
pomorskie,2020-09-04,41
warmińsko-mazurskie,2020-09-04,15
łódzkie,2020-09-04,43
mazowieckie,2020-09-04,121
lubelskie,2020-09-04,27
lubuskie,2020-09-04,13
śląskie,2020-09-03,71
opolskie,2020-09-03,100
wielkopolskie,2020-09-03,48
zachodniopomorskie,2020-09-03,17
świętokrzyskie,2020-09-03,21
kujawsko-pomorskie,2020-09-03,33
podlaskie,2020-09-03,10
dolnośląskie,2020-09-03,24
podkarpackie,2020-09-03,32
małopolskie,2020-09-03,100
pomorskie,2020-09-03,44
warmińsko-mazurskie,2020-09-03,16
łódzkie,2020-09-03,48
mazowieckie,2020-09-03,93
lubelskie,2020-09-03,40
lubuskie,2020-09-03,7
śląskie,2020-09-02,63
opolskie,2020-09-02,114
wielkopolskie,2020-09-02,53
zachodniopomorskie,2020-09-02,4
świętokrzyskie,2020-09-02,15
kujawsko-pomorskie,2020-09-02,16
podlaskie,2020-09-02,7
dolnośląskie,2020-09-02,13
podkarpackie,2020-09-02,46
małopolskie,2020-09-02,114
pomorskie,2020-09-02,42
warmińsko-mazurskie,2020-09-02,19
łódzkie,2020-09-02,34
mazowieckie,2020-09-02,133
lubelskie,2020-09-02,19
lubuskie,2020-09-02,9
śląskie,2020-09-01,53
opolskie,2020-09-01,136
wielkopolskie,2020-09-01,30
zachodniopomorskie,2020-09-01,7
świętokrzyskie,2020-09-01,16
kujawsko-pomorskie,2020-09-01,35
podlaskie,2020-09-01,10
dolnośląskie,2020-09-01,35
podkarpackie,2020-09-01,26
małopolskie,2020-09-01,136
pomorskie,2020-09-01,35
warmińsko-mazurskie,2020-09-01,12
łódzkie,2020-09-01,31
mazowieckie,2020-09-01,89
lubelskie,2020-09-01,13
lubuskie,2020-09-01,9
śląskie,2020-08-31,77
opolskie,2020-08-31,79
wielkopolskie,2020-08-31,30
zachodniopomorskie,2020-08-31,10
świętokrzyskie,2020-08-31,14
kujawsko-pomorskie,2020-08-31,20
podlaskie,2020-08-31,9
dolnośląskie,2020-08-31,10
podkarpackie,2020-08-31,32
małopolskie,2020-08-31,79
pomorskie,2020-08-31,75
warmińsko-mazurskie,2020-08-31,2
łódzkie,2020-08-31,32
mazowieckie,2020-08-31,75
lubelskie,2020-08-31,18
lubuskie,2020-08-31,8
śląskie,2020-08-30,86
opolskie,2020-08-30,153
wielkopolskie,2020-08-30,68
zachodniopomorskie,2020-08-30,8
świętokrzyskie,2020-08-30,6
kujawsko-pomorskie,2020-08-30,22
podlaskie,2020-08-30,4
dolnośląskie,2020-08-30,10
podkarpackie,2020-08-30,30
małopolskie,2020-08-30,153
pomorskie,2020-08-30,53
warmińsko-mazurskie,2020-08-30,17
łódzkie,2020-08-30,33
mazowieckie,2020-08-30,47
lubelskie,2020-08-30,69
lubuskie,2020-08-30,17
śląskie,2020-08-29,95
opolskie,2020-08-29,128
wielkopolskie,2020-08-29,96
zachodniopomorskie,2020-08-29,11
świętokrzyskie,2020-08-29,27
kujawsko-pomorskie,2020-08-29,23
podlaskie,2020-08-29,24
dolnośląskie,2020-08-29,44
podkarpackie,2020-08-29,42
małopolskie,2020-08-29,128
pomorskie,2020-08-29,45
warmińsko-mazurskie,2020-08-29,14
łódzkie,2020-08-29,34
mazowieckie,2020-08-29,140
lubelskie,2020-08-29,16
lubuskie,2020-08-29,12
śląskie,2020-08-28,104
opolskie,2020-08-28,139
wielkopolskie,2020-08-28,92
zachodniopomorskie,2020-08-28,10
świętokrzyskie,2020-08-28,19
kujawsko-pomorskie,2020-08-28,38
podlaskie,2020-08-28,5
dolnośląskie,2020-08-28,30
podkarpackie,2020-08-28,70
małopolskie,2020-08-28,139
pomorskie,2020-08-28,42
warmińsko-mazurskie,2020-08-28,22
łódzkie,2020-08-28,39
mazowieckie,2020-08-28,130
lubelskie,2020-08-28,27
lubuskie,2020-08-28,9
śląskie,2020-08-27,118
opolskie,2020-08-27,233
wielkopolskie,2020-08-27,92
zachodniopomorskie,2020-08-27,11
świętokrzyskie,2020-08-27,18
kujawsko-pomorskie,2020-08-27,24
podlaskie,2020-08-27,12
dolnośląskie,2020-08-27,28
podkarpackie,2020-08-27,33
małopolskie,2020-08-27,233
pomorskie,2020-08-27,71
warmińsko-mazurskie,2020-08-27,51
łódzkie,2020-08-27,47
mazowieckie,2020-08-27,107
lubelskie,2020-08-27,14
lubuskie,2020-08-27,12
śląskie,2020-08-26,114
opolskie,2020-08-26,118
wielkopolskie,2020-08-26,94
zachodniopomorskie,2020-08-26,18
świętokrzyskie,2020-08-26,20
kujawsko-pomorskie,2020-08-26,23
podlaskie,2020-08-26,13
dolnośląskie,2020-08-26,15
podkarpackie,2020-08-26,49
małopolskie,2020-08-26,118
pomorskie,2020-08-26,60
warmińsko-mazurskie,2020-08-26,24
łódzkie,2020-08-26,34
mazowieckie,2020-08-26,106
lubelskie,2020-08-26,20
lubuskie,2020-08-26,4
śląskie,2020-08-25,89
opolskie,2020-08-25,141
wielkopolskie,2020-08-25,32
zachodniopomorskie,2020-08-25,12
świętokrzyskie,2020-08-25,20
kujawsko-pomorskie,2020-08-25,30
podlaskie,2020-08-25,28
dolnośląskie,2020-08-25,44
podkarpackie,2020-08-25,59
małopolskie,2020-08-25,141
pomorskie,2020-08-25,93
warmińsko-mazurskie,2020-08-25,21
łódzkie,2020-08-25,50
mazowieckie,2020-08-25,99
lubelskie,2020-08-25,29
lubuskie,2020-08-25,6
śląskie,2020-08-24,98
opolskie,2020-08-24,61
wielkopolskie,2020-08-24,53
zachodniopomorskie,2020-08-24,4
świętokrzyskie,2020-08-24,53
kujawsko-pomorskie,2020-08-24,27
podlaskie,2020-08-24,8
dolnośląskie,2020-08-24,20
podkarpackie,2020-08-24,21
małopolskie,2020-08-24,61
pomorskie,2020-08-24,60
warmińsko-mazurskie,2020-08-24,1
łódzkie,2020-08-24,71
mazowieckie,2020-08-24,54
lubelskie,2020-08-24,7
śląskie,2020-08-23,97
opolskie,2020-08-23,98
wielkopolskie,2020-08-23,46
zachodniopomorskie,2020-08-23,3
świętokrzyskie,2020-08-23,8
kujawsko-pomorskie,2020-08-23,6
podlaskie,2020-08-23,6
dolnośląskie,2020-08-23,24
podkarpackie,2020-08-23,45
małopolskie,2020-08-23,98
pomorskie,2020-08-23,86
warmińsko-mazurskie,2020-08-23,25
łódzkie,2020-08-23,67
mazowieckie,2020-08-23,49
lubelskie,2020-08-23,12
lubuskie,2020-08-23,4
śląskie,2020-08-22,153
opolskie,2020-08-22,193
wielkopolskie,2020-08-22,81
zachodniopomorskie,2020-08-22,11
świętokrzyskie,2020-08-22,11
kujawsko-pomorskie,2020-08-22,18
podlaskie,2020-08-22,7
dolnośląskie,2020-08-22,31
podkarpackie,2020-08-22,32
małopolskie,2020-08-22,193
pomorskie,2020-08-22,65
warmińsko-mazurskie,2020-08-22,18
łódzkie,2020-08-22,73
mazowieckie,2020-08-22,150
lubelskie,2020-08-22,23
lubuskie,2020-08-22,5
śląskie,2020-08-21,168
opolskie,2020-08-21,156
wielkopolskie,2020-08-21,77
zachodniopomorskie,2020-08-21,6
świętokrzyskie,2020-08-21,22
kujawsko-pomorskie,2020-08-21,31
podlaskie,2020-08-21,6
dolnośląskie,2020-08-21,30
podkarpackie,2020-08-21,46
małopolskie,2020-08-21,156
pomorskie,2020-08-21,89
warmińsko-mazurskie,2020-08-21,30
łódzkie,2020-08-21,49
mazowieckie,2020-08-21,146
lubelskie,2020-08-21,21
lubuskie,2020-08-21,1
śląskie,2020-08-20,176
opolskie,2020-08-20,151
wielkopolskie,2020-08-20,80
zachodniopomorskie,2020-08-20,12
świętokrzyskie,2020-08-20,15
kujawsko-pomorskie,2020-08-20,21
podlaskie,2020-08-20,12
dolnośląskie,2020-08-20,21
podkarpackie,2020-08-20,26
małopolskie,2020-08-20,151
pomorskie,2020-08-20,68
warmińsko-mazurskie,2020-08-20,13
łódzkie,2020-08-20,44
mazowieckie,2020-08-20,96
lubelskie,2020-08-20,16
lubuskie,2020-08-20,8
śląskie,2020-08-19,160
opolskie,2020-08-19,140
wielkopolskie,2020-08-19,43
zachodniopomorskie,2020-08-19,13
świętokrzyskie,2020-08-19,4
kujawsko-pomorskie,2020-08-19,17
podlaskie,2020-08-19,8
dolnośląskie,2020-08-19,31
podkarpackie,2020-08-19,33
małopolskie,2020-08-19,140
pomorskie,2020-08-19,60
warmińsko-mazurskie,2020-08-19,21
łódzkie,2020-08-19,31
mazowieckie,2020-08-19,126
lubelskie,2020-08-19,28
lubuskie,2020-08-19,8
śląskie,2020-08-18,85
opolskie,2020-08-18,130
wielkopolskie,2020-08-18,42
zachodniopomorskie,2020-08-18,16
świętokrzyskie,2020-08-18,8
kujawsko-pomorskie,2020-08-18,17
podlaskie,2020-08-18,10
dolnośląskie,2020-08-18,33
podkarpackie,2020-08-18,39
małopolskie,2020-08-18,130
pomorskie,2020-08-18,51
warmińsko-mazurskie,2020-08-18,8
łódzkie,2020-08-18,48
mazowieckie,2020-08-18,62
lubelskie,2020-08-18,19
lubuskie,2020-08-18,14
śląskie,2020-08-17,76
opolskie,2020-08-17,84
wielkopolskie,2020-08-17,30
zachodniopomorskie,2020-08-17,14
świętokrzyskie,2020-08-17,10
kujawsko-pomorskie,2020-08-17,28
podlaskie,2020-08-17,5
dolnośląskie,2020-08-17,17
podkarpackie,2020-08-17,37
małopolskie,2020-08-17,84
pomorskie,2020-08-17,52
warmińsko-mazurskie,2020-08-17,11
łódzkie,2020-08-17,44
mazowieckie,2020-08-17,150
lubelskie,2020-08-17,6
lubuskie,2020-08-17,8
śląskie,2020-08-16,108
opolskie,2020-08-16,77
wielkopolskie,2020-08-16,50
zachodniopomorskie,2020-08-16,18
świętokrzyskie,2020-08-16,16
kujawsko-pomorskie,2020-08-16,13
podlaskie,2020-08-16,3
dolnośląskie,2020-08-16,11
podkarpackie,2020-08-16,38
małopolskie,2020-08-16,77
pomorskie,2020-08-16,85
warmińsko-mazurskie,2020-08-16,10
łódzkie,2020-08-16,70
mazowieckie,2020-08-16,73
lubuskie,2020-08-16,8
śląskie,2020-08-15,133
opolskie,2020-08-15,150
wielkopolskie,2020-08-15,62
zachodniopomorskie,2020-08-15,21
świętokrzyskie,2020-08-15,41
kujawsko-pomorskie,2020-08-15,11
podlaskie,2020-08-15,6
dolnośląskie,2020-08-15,57
podkarpackie,2020-08-15,36
małopolskie,2020-08-15,150
pomorskie,2020-08-15,69
warmińsko-mazurskie,2020-08-15,14
łódzkie,2020-08-15,42
mazowieckie,2020-08-15,96
lubelskie,2020-08-15,16
lubuskie,2020-08-15,10
śląskie,2020-08-14,160
opolskie,2020-08-14,184
wielkopolskie,2020-08-14,43
zachodniopomorskie,2020-08-14,8
świętokrzyskie,2020-08-14,3
kujawsko-pomorskie,2020-08-14,22
podlaskie,2020-08-14,31
dolnośląskie,2020-08-14,21
podkarpackie,2020-08-14,39
małopolskie,2020-08-14,184
pomorskie,2020-08-14,46
warmińsko-mazurskie,2020-08-14,16
łódzkie,2020-08-14,54
mazowieckie,2020-08-14,143
lubelskie,2020-08-14,23
lubuskie,2020-08-14,8
śląskie,2020-08-13,181
opolskie,2020-08-13,136
wielkopolskie,2020-08-13,54
zachodniopomorskie,2020-08-13,6
świętokrzyskie,2020-08-13,12
kujawsko-pomorskie,2020-08-13,14
podlaskie,2020-08-13,17
dolnośląskie,2020-08-13,23
podkarpackie,2020-08-13,46
małopolskie,2020-08-13,136
pomorskie,2020-08-13,61
warmińsko-mazurskie,2020-08-13,11
łódzkie,2020-08-13,39
mazowieckie,2020-08-13,148
lubelskie,2020-08-13,46
lubuskie,2020-08-13,2
śląskie,2020-08-12,145
opolskie,2020-08-12,173
wielkopolskie,2020-08-12,39
zachodniopomorskie,2020-08-12,14
świętokrzyskie,2020-08-12,2
kujawsko-pomorskie,2020-08-12,7
podlaskie,2020-08-12,7
dolnośląskie,2020-08-12,31
podkarpackie,2020-08-12,22
małopolskie,2020-08-12,173
pomorskie,2020-08-12,75
warmińsko-mazurskie,2020-08-12,33
łódzkie,2020-08-12,43
mazowieckie,2020-08-12,76
lubelskie,2020-08-12,39
lubuskie,2020-08-12,1
śląskie,2020-08-11,128
opolskie,2020-08-11,71
wielkopolskie,2020-08-11,38
zachodniopomorskie,2020-08-11,26
świętokrzyskie,2020-08-11,11
kujawsko-pomorskie,2020-08-11,34
podlaskie,2020-08-11,7
dolnośląskie,2020-08-11,27
podkarpackie,2020-08-11,16
małopolskie,2020-08-11,71
pomorskie,2020-08-11,34
warmińsko-mazurskie,2020-08-11,32
łódzkie,2020-08-11,51
mazowieckie,2020-08-11,50
lubelskie,2020-08-11,8
lubuskie,2020-08-11,2
śląskie,2020-08-10,98
opolskie,2020-08-10,175
wielkopolskie,2020-08-10,64
zachodniopomorskie,2020-08-10,11
świętokrzyskie,2020-08-10,8
kujawsko-pomorskie,2020-08-10,12
podlaskie,2020-08-10,8
dolnośląskie,2020-08-10,18
podkarpackie,2020-08-10,37
małopolskie,2020-08-10,175
pomorskie,2020-08-10,48
warmińsko-mazurskie,2020-08-10,6
łódzkie,2020-08-10,31
mazowieckie,2020-08-10,53
lubelskie,2020-08-10,17
lubuskie,2020-08-10,26
śląskie,2020-08-09,149
opolskie,2020-08-09,108
wielkopolskie,2020-08-09,63
zachodniopomorskie,2020-08-09,15
świętokrzyskie,2020-08-09,11
kujawsko-pomorskie,2020-08-09,5
podlaskie,2020-08-09,10
dolnośląskie,2020-08-09,12
podkarpackie,2020-08-09,28
małopolskie,2020-08-09,108
pomorskie,2020-08-09,40
warmińsko-mazurskie,2020-08-09,30
łódzkie,2020-08-09,22
mazowieckie,2020-08-09,81
lubelskie,2020-08-09,17
lubuskie,2020-08-09,20
śląskie,2020-08-08,208
opolskie,2020-08-08,124
wielkopolskie,2020-08-08,54
zachodniopomorskie,2020-08-08,21
świętokrzyskie,2020-08-08,13
kujawsko-pomorskie,2020-08-08,24
podlaskie,2020-08-08,12
dolnośląskie,2020-08-08,35
podkarpackie,2020-08-08,44
małopolskie,2020-08-08,124
pomorskie,2020-08-08,53
warmińsko-mazurskie,2020-08-08,29
łódzkie,2020-08-08,31
mazowieckie,2020-08-08,131
lubelskie,2020-08-08,22
lubuskie,2020-08-08,25
śląskie,2020-08-07,259
opolskie,2020-08-07,144
wielkopolskie,2020-08-07,46
zachodniopomorskie,2020-08-07,14
świętokrzyskie,2020-08-07,11
kujawsko-pomorskie,2020-08-07,8
podlaskie,2020-08-07,1
dolnośląskie,2020-08-07,22
podkarpackie,2020-08-07,35
małopolskie,2020-08-07,144
pomorskie,2020-08-07,41
warmińsko-mazurskie,2020-08-07,17
łódzkie,2020-08-07,46
mazowieckie,2020-08-07,104
lubelskie,2020-08-07,14
lubuskie,2020-08-07,21
śląskie,2020-08-06,137
opolskie,2020-08-06,118
wielkopolskie,2020-08-06,89
zachodniopomorskie,2020-08-06,19
świętokrzyskie,2020-08-06,30
kujawsko-pomorskie,2020-08-06,11
podlaskie,2020-08-06,17
dolnośląskie,2020-08-06,39
podkarpackie,2020-08-06,33
małopolskie,2020-08-06,118
pomorskie,2020-08-06,29
warmińsko-mazurskie,2020-08-06,12
łódzkie,2020-08-06,39
mazowieckie,2020-08-06,107
lubelskie,2020-08-06,13
lubuskie,2020-08-06,8
śląskie,2020-08-05,152
opolskie,2020-08-05,97
wielkopolskie,2020-08-05,97
zachodniopomorskie,2020-08-05,17
świętokrzyskie,2020-08-05,3
kujawsko-pomorskie,2020-08-05,5
podlaskie,2020-08-05,10
dolnośląskie,2020-08-05,22
podkarpackie,2020-08-05,32
małopolskie,2020-08-05,90
pomorskie,2020-08-05,17
warmińsko-mazurskie,2020-08-05,13
łódzkie,2020-08-05,37
mazowieckie,2020-08-05,86
lubelskie,2020-08-05,25
lubuskie,2020-08-05,13
śląskie,2020-08-04,222
opolskie,2020-08-04,94
wielkopolskie,2020-08-04,94
zachodniopomorskie,2020-08-04,15
świętokrzyskie,2020-08-04,26
kujawsko-pomorskie,2020-08-04,3
podlaskie,2020-08-04,15
dolnośląskie,2020-08-04,47
podkarpackie,2020-08-04,41
małopolskie,2020-08-04,88
pomorskie,2020-08-04,17
warmińsko-mazurskie,2020-08-04,4
łódzkie,2020-08-04,39
mazowieckie,2020-08-04,49
lubelskie,2020-08-04,8
lubuskie,2020-08-04,5
śląskie,2020-08-03,146
opolskie,2020-08-03,98
wielkopolskie,2020-08-03,98
zachodniopomorskie,2020-08-03,15
świętokrzyskie,2020-08-03,8
kujawsko-pomorskie,2020-08-03,9
podlaskie,2020-08-03,10
dolnośląskie,2020-08-03,17
podkarpackie,2020-08-03,42
małopolskie,2020-08-03,78
pomorskie,2020-08-03,20
warmińsko-mazurskie,2020-08-03,1
łódzkie,2020-08-03,20
mazowieckie,2020-08-03,82
lubelskie,2020-08-03,13
lubuskie,2020-08-03,13
śląskie,2020-08-02,191
opolskie,2020-08-02,76
wielkopolskie,2020-08-02,72
zachodniopomorskie,2020-08-02,5
świętokrzyskie,2020-08-02,2
kujawsko-pomorskie,2020-08-02,9
podlaskie,2020-08-02,9
dolnośląskie,2020-08-02,16
podkarpackie,2020-08-02,23
małopolskie,2020-08-02,76
pomorskie,2020-08-02,24
warmińsko-mazurskie,2020-08-02,5
łódzkie,2020-08-02,13
mazowieckie,2020-08-02,71
lubelskie,2020-08-02,7
lubuskie,2020-08-02,9
śląskie,2020-08-01,214
opolskie,2020-08-01,157
wielkopolskie,2020-08-01,39
zachodniopomorskie,2020-08-01,15
świętokrzyskie,2020-08-01,7
kujawsko-pomorskie,2020-08-01,11
podlaskie,2020-08-01,4
dolnośląskie,2020-08-01,15
podkarpackie,2020-08-01,26
małopolskie,2020-08-01,157
pomorskie,2020-08-01,17
warmińsko-mazurskie,2020-08-01,17
łódzkie,2020-08-01,42
mazowieckie,2020-08-01,60
lubelskie,2020-08-01,18
lubuskie,2020-08-01,9
śląskie,2020-07-31,227
opolskie,2020-07-31,77
wielkopolskie,2020-07-31,59
zachodniopomorskie,2020-07-31,4
świętokrzyskie,2020-07-31,2
kujawsko-pomorskie,2020-07-31,17
podlaskie,2020-07-31,6
dolnośląskie,2020-07-31,35
podkarpackie,2020-07-31,28
małopolskie,2020-07-31,77
pomorskie,2020-07-31,17
warmińsko-mazurskie,2020-07-31,9
łódzkie,2020-07-31,30
mazowieckie,2020-07-31,104
lubelskie,2020-07-31,20
lubuskie,2020-07-31,11
śląskie,2020-07-30,160
opolskie,2020-07-30,133
wielkopolskie,2020-07-30,27
zachodniopomorskie,2020-07-30,7
świętokrzyskie,2020-07-30,5
kujawsko-pomorskie,2020-07-30,9
podlaskie,2020-07-30,7
dolnośląskie,2020-07-30,5
podkarpackie,2020-07-30,45
małopolskie,2020-07-30,133
pomorskie,2020-07-30,12
warmińsko-mazurskie,2020-07-30,5
łódzkie,2020-07-30,67
mazowieckie,2020-07-30,95
lubelskie,2020-07-30,11
lubuskie,2020-07-30,10
śląskie,2020-07-29,183
opolskie,2020-07-29,102
wielkopolskie,2020-07-29,14
zachodniopomorskie,2020-07-29,12
świętokrzyskie,2020-07-29,5
kujawsko-pomorskie,2020-07-29,10
podlaskie,2020-07-29,7
dolnośląskie,2020-07-29,17
podkarpackie,2020-07-29,23
małopolskie,2020-07-29,102
pomorskie,2020-07-29,28
warmińsko-mazurskie,2020-07-29,5
łódzkie,2020-07-29,30
mazowieckie,2020-07-29,43
lubelskie,2020-07-29,18
lubuskie,2020-07-29,10
śląskie,2020-07-28,161
opolskie,2020-07-28,91
wielkopolskie,2020-07-28,45
zachodniopomorskie,2020-07-28,6
świętokrzyskie,2020-07-28,6
kujawsko-pomorskie,2020-07-28,4
podlaskie,2020-07-28,8
dolnośląskie,2020-07-28,31
podkarpackie,2020-07-28,19
małopolskie,2020-07-28,91
pomorskie,2020-07-28,15
warmińsko-mazurskie,2020-07-28,5
łódzkie,2020-07-28,29
mazowieckie,2020-07-28,62
lubuskie,2020-07-28,4
śląskie,2020-07-27,150
opolskie,2020-07-27,61
wielkopolskie,2020-07-27,12
zachodniopomorskie,2020-07-27,2
świętokrzyskie,2020-07-27,2
kujawsko-pomorskie,2020-07-27,1
podlaskie,2020-07-27,7
dolnośląskie,2020-07-27,9
podkarpackie,2020-07-27,6
małopolskie,2020-07-27,61
pomorskie,2020-07-27,3
łódzkie,2020-07-27,18
mazowieckie,2020-07-27,58
lubelskie,2020-07-27,3
lubuskie,2020-07-27,4
śląskie,2020-07-26,133
opolskie,2020-07-26,109
wielkopolskie,2020-07-26,24
zachodniopomorskie,2020-07-26,7
świętokrzyskie,2020-07-26,3
kujawsko-pomorskie,2020-07-26,10
podlaskie,2020-07-26,2
dolnośląskie,2020-07-26,10
podkarpackie,2020-07-26,12
małopolskie,2020-07-26,109
pomorskie,2020-07-26,19
warmińsko-mazurskie,2020-07-26,4
łódzkie,2020-07-26,22
mazowieckie,2020-07-26,54
lubelskie,2020-07-26,13
lubuskie,2020-07-26,5
śląskie,2020-07-25,188
opolskie,2020-07-25,142
wielkopolskie,2020-07-25,34
zachodniopomorskie,2020-07-25,1
świętokrzyskie,2020-07-25,7
kujawsko-pomorskie,2020-07-25,3
podlaskie,2020-07-25,9
dolnośląskie,2020-07-25,21
podkarpackie,2020-07-25,21
małopolskie,2020-07-25,142
pomorskie,2020-07-25,23
warmińsko-mazurskie,2020-07-25,2
łódzkie,2020-07-25,32
mazowieckie,2020-07-25,62
lubelskie,2020-07-25,12
lubuskie,2020-07-25,7
śląskie,2020-07-24,184
opolskie,2020-07-24,99
wielkopolskie,2020-07-24,13
zachodniopomorskie,2020-07-24,4
świętokrzyskie,2020-07-24,8
kujawsko-pomorskie,2020-07-24,9
podlaskie,2020-07-24,5
dolnośląskie,2020-07-24,29
podkarpackie,2020-07-24,7
małopolskie,2020-07-24,99
pomorskie,2020-07-24,9
warmińsko-mazurskie,2020-07-24,6
łódzkie,2020-07-24,29
mazowieckie,2020-07-24,32
lubelskie,2020-07-24,7
lubuskie,2020-07-24,9
śląskie,2020-07-23,110
opolskie,2020-07-23,75
wielkopolskie,2020-07-23,15
zachodniopomorskie,2020-07-23,10
świętokrzyskie,2020-07-23,4
kujawsko-pomorskie,2020-07-23,1
podlaskie,2020-07-23,2
dolnośląskie,2020-07-23,7
podkarpackie,2020-07-23,20
małopolskie,2020-07-23,75
pomorskie,2020-07-23,10
warmińsko-mazurskie,2020-07-23,2
łódzkie,2020-07-23,33
mazowieckie,2020-07-23,104
lubelskie,2020-07-23,1
lubuskie,2020-07-23,9
śląskie,2020-07-22,113
opolskie,2020-07-22,50
wielkopolskie,2020-07-22,22
zachodniopomorskie,2020-07-22,6
świętokrzyskie,2020-07-22,7
kujawsko-pomorskie,2020-07-22,2
podlaskie,2020-07-22,5
dolnośląskie,2020-07-22,18
podkarpackie,2020-07-22,17
małopolskie,2020-07-22,50
pomorskie,2020-07-22,13
warmińsko-mazurskie,2020-07-22,17
łódzkie,2020-07-22,33
mazowieckie,2020-07-22,46
lubelskie,2020-07-22,7
lubuskie,2020-07-22,4
śląskie,2020-07-21,140
opolskie,2020-07-21,62
wielkopolskie,2020-07-21,23
zachodniopomorskie,2020-07-21,7
świętokrzyskie,2020-07-21,29
podlaskie,2020-07-21,2
dolnośląskie,2020-07-21,3
podkarpackie,2020-07-21,8
małopolskie,2020-07-21,62
pomorskie,2020-07-21,15
warmińsko-mazurskie,2020-07-21,9
łódzkie,2020-07-21,27
mazowieckie,2020-07-21,59
lubelskie,2020-07-21,2
lubuskie,2020-07-21,9
śląskie,2020-07-20,55
opolskie,2020-07-20,40
wielkopolskie,2020-07-20,34
zachodniopomorskie,2020-07-20,4
świętokrzyskie,2020-07-20,5
kujawsko-pomorskie,2020-07-20,4
podlaskie,2020-07-20,4
dolnośląskie,2020-07-20,22
podkarpackie,2020-07-20,22
małopolskie,2020-07-20,40
pomorskie,2020-07-20,4
warmińsko-mazurskie,2020-07-20,4
łódzkie,2020-07-20,16
mazowieckie,2020-07-20,54
lubuskie,2020-07-20,10
śląskie,2020-07-19,55
opolskie,2020-07-19,115
wielkopolskie,2020-07-19,21
zachodniopomorskie,2020-07-19,3
świętokrzyskie,2020-07-19,6
kujawsko-pomorskie,2020-07-19,3
dolnośląskie,2020-07-19,9
podkarpackie,2020-07-19,17
małopolskie,2020-07-19,115
pomorskie,2020-07-19,4
warmińsko-mazurskie,2020-07-19,2
łódzkie,2020-07-19,36
mazowieckie,2020-07-19,47
lubelskie,2020-07-19,7
lubuskie,2020-07-19,25
śląskie,2020-07-18,101
opolskie,2020-07-18,76
wielkopolskie,2020-07-18,10
zachodniopomorskie,2020-07-18,8
kujawsko-pomorskie,2020-07-18,4
podlaskie,2020-07-18,3
dolnośląskie,2020-07-18,17
podkarpackie,2020-07-18,25
małopolskie,2020-07-18,76
pomorskie,2020-07-18,15
warmińsko-mazurskie,2020-07-18,1
łódzkie,2020-07-18,22
mazowieckie,2020-07-18,31
lubelskie,2020-07-18,15
lubuskie,2020-07-18,6
śląskie,2020-07-17,86
opolskie,2020-07-17,70
wielkopolskie,2020-07-17,46
świętokrzyskie,2020-07-17,10
podlaskie,2020-07-17,4
dolnośląskie,2020-07-17,8
podkarpackie,2020-07-17,18
małopolskie,2020-07-17,70
pomorskie,2020-07-17,8
warmińsko-mazurskie,2020-07-17,5
łódzkie,2020-07-17,30
mazowieckie,2020-07-17,36
lubelskie,2020-07-17,11
lubuskie,2020-07-17,17
śląskie,2020-07-16,89
opolskie,2020-07-16,60
wielkopolskie,2020-07-16,20
zachodniopomorskie,2020-07-16,3
świętokrzyskie,2020-07-16,3
kujawsko-pomorskie,2020-07-16,6
dolnośląskie,2020-07-16,26
podkarpackie,2020-07-16,36
małopolskie,2020-07-16,60
pomorskie,2020-07-16,6
łódzkie,2020-07-16,38
mazowieckie,2020-07-16,37
lubelskie,2020-07-16,4
lubuskie,2020-07-16,4
śląskie,2020-07-15,90
opolskie,2020-07-15,43
wielkopolskie,2020-07-15,20
zachodniopomorskie,2020-07-15,4
świętokrzyskie,2020-07-15,3
kujawsko-pomorskie,2020-07-15,5
podlaskie,2020-07-15,1
dolnośląskie,2020-07-15,8
podkarpackie,2020-07-15,9
małopolskie,2020-07-15,43
pomorskie,2020-07-15,5
warmińsko-mazurskie,2020-07-15,2
łódzkie,2020-07-15,31
mazowieckie,2020-07-15,22
lubelskie,2020-07-15,11
lubuskie,2020-07-15,12
śląskie,2020-07-14,72
opolskie,2020-07-14,52
wielkopolskie,2020-07-14,52
zachodniopomorskie,2020-07-14,1
świętokrzyskie,2020-07-14,2
kujawsko-pomorskie,2020-07-14,6
podlaskie,2020-07-14,1
dolnośląskie,2020-07-14,8
podkarpackie,2020-07-14,12
małopolskie,2020-07-14,44
pomorskie,2020-07-14,6
łódzkie,2020-07-14,19
mazowieckie,2020-07-14,28
lubelskie,2020-07-14,12
lubuskie,2020-07-14,6
śląskie,2020-07-13,65
opolskie,2020-07-13,38
wielkopolskie,2020-07-13,20
zachodniopomorskie,2020-07-13,2
świętokrzyskie,2020-07-13,3
dolnośląskie,2020-07-13,1
podkarpackie,2020-07-13,62
małopolskie,2020-07-13,38
pomorskie,2020-07-13,2
warmińsko-mazurskie,2020-07-13,2
łódzkie,2020-07-13,18
mazowieckie,2020-07-13,72
lubelskie,2020-07-13,8
lubuskie,2020-07-13,5
śląskie,2020-07-11,77
opolskie,2020-07-11,53
wielkopolskie,2020-07-11,43
zachodniopomorskie,2020-07-11,4
kujawsko-pomorskie,2020-07-11,2
podlaskie,2020-07-11,2
dolnośląskie,2020-07-11,2
podkarpackie,2020-07-11,9
małopolskie,2020-07-11,53
pomorskie,2020-07-11,4
warmińsko-mazurskie,2020-07-11,2
łódzkie,2020-07-11,34
mazowieckie,2020-07-11,45
lubelskie,2020-07-11,14
lubuskie,2020-07-11,6
śląskie,2020-07-10,88
opolskie,2020-07-10,19
wielkopolskie,2020-07-10,17
zachodniopomorskie,2020-07-10,8
świętokrzyskie,2020-07-10,4
kujawsko-pomorskie,2020-07-10,1
podlaskie,2020-07-10,2
dolnośląskie,2020-07-10,13
podkarpackie,2020-07-10,16
małopolskie,2020-07-10,19
pomorskie,2020-07-10,9
warmińsko-mazurskie,2020-07-10,2
łódzkie,2020-07-10,16
mazowieckie,2020-07-10,23
lubelskie,2020-07-10,13
lubuskie,2020-07-10,25
śląskie,2020-07-09,84
opolskie,2020-07-09,35
wielkopolskie,2020-07-09,28
zachodniopomorskie,2020-07-09,1
świętokrzyskie,2020-07-09,5
kujawsko-pomorskie,2020-07-09,3
podlaskie,2020-07-09,6
dolnośląskie,2020-07-09,5
podkarpackie,2020-07-09,7
małopolskie,2020-07-09,35
pomorskie,2020-07-09,3
warmińsko-mazurskie,2020-07-09,3
łódzkie,2020-07-09,22
mazowieckie,2020-07-09,50
lubelskie,2020-07-09,4
lubuskie,2020-07-09,3
śląskie,2020-07-08,96
opolskie,2020-07-08,28
wielkopolskie,2020-07-08,23
świętokrzyskie,2020-07-08,3
kujawsko-pomorskie,2020-07-08,5
podlaskie,2020-07-08,7
dolnośląskie,2020-07-08,2
podkarpackie,2020-07-08,27
małopolskie,2020-07-08,28
pomorskie,2020-07-08,5
łódzkie,2020-07-08,32
mazowieckie,2020-07-08,37
lubelskie,2020-07-08,10
śląskie,2020-07-07,91
opolskie,2020-07-07,75
wielkopolskie,2020-07-07,75
zachodniopomorskie,2020-07-07,1
świętokrzyskie,2020-07-07,4
kujawsko-pomorskie,2020-07-07,1
podlaskie,2020-07-07,2
dolnośląskie,2020-07-07,9
podkarpackie,2020-07-07,17
małopolskie,2020-07-07,21
pomorskie,2020-07-07,2
warmińsko-mazurskie,2020-07-07,1
łódzkie,2020-07-07,9
mazowieckie,2020-07-07,6
lubelskie,2020-07-07,15
śląskie,2020-07-06,49
opolskie,2020-07-06,12
wielkopolskie,2020-07-06,8
świętokrzyskie,2020-07-06,10
kujawsko-pomorskie,2020-07-06,3
podlaskie,2020-07-06,4
dolnośląskie,2020-07-06,5
podkarpackie,2020-07-06,13
małopolskie,2020-07-06,12
pomorskie,2020-07-06,3
warmińsko-mazurskie,2020-07-06,2
łódzkie,2020-07-06,31
mazowieckie,2020-07-06,39
lubelskie,2020-07-06,26
lubuskie,2020-07-06,1
śląskie,2020-07-05,87
opolskie,2020-07-05,35
wielkopolskie,2020-07-05,35
zachodniopomorskie,2020-07-05,1
świętokrzyskie,2020-07-05,5
kujawsko-pomorskie,2020-07-05,2
podlaskie,2020-07-05,2
podkarpackie,2020-07-05,27
małopolskie,2020-07-05,17
pomorskie,2020-07-05,2
warmińsko-mazurskie,2020-07-05,1
łódzkie,2020-07-05,16
mazowieckie,2020-07-05,17
lubelskie,2020-07-05,14
śląskie,2020-07-04,93
opolskie,2020-07-04,57
wielkopolskie,2020-07-04,57
zachodniopomorskie,2020-07-04,7
świętokrzyskie,2020-07-04,2
podlaskie,2020-07-04,13
dolnośląskie,2020-07-04,3
podkarpackie,2020-07-04,40
małopolskie,2020-07-04,29
pomorskie,2020-07-04,7
warmińsko-mazurskie,2020-07-04,4
łódzkie,2020-07-04,21
mazowieckie,2020-07-04,28
lubelskie,2020-07-04,10
śląskie,2020-07-03,80
opolskie,2020-07-03,46
wielkopolskie,2020-07-03,46
zachodniopomorskie,2020-07-03,2
świętokrzyskie,2020-07-03,13
kujawsko-pomorskie,2020-07-03,1
podlaskie,2020-07-03,7
dolnośląskie,2020-07-03,3
podkarpackie,2020-07-03,12
małopolskie,2020-07-03,13
pomorskie,2020-07-03,4
warmińsko-mazurskie,2020-07-03,5
łódzkie,2020-07-03,24
mazowieckie,2020-07-03,36
lubelskie,2020-07-03,4
śląskie,2020-07-02,148
opolskie,2020-07-02,29
wielkopolskie,2020-07-02,28
świętokrzyskie,2020-07-02,7
kujawsko-pomorskie,2020-07-02,2
podlaskie,2020-07-02,6
dolnośląskie,2020-07-02,6
podkarpackie,2020-07-02,13
małopolskie,2020-07-02,29
pomorskie,2020-07-02,10
warmińsko-mazurskie,2020-07-02,12
łódzkie,2020-07-02,52
mazowieckie,2020-07-02,45
lubelskie,2020-07-02,6
śląskie,2020-07-01,169
opolskie,2020-07-01,107
wielkopolskie,2020-07-01,107
świętokrzyskie,2020-07-01,4
kujawsko-pomorskie,2020-07-01,4
podlaskie,2020-07-01,5
dolnośląskie,2020-07-01,5
podkarpackie,2020-07-01,20
małopolskie,2020-07-01,18
pomorskie,2020-07-01,4
warmińsko-mazurskie,2020-07-01,6
łódzkie,2020-07-01,10
mazowieckie,2020-07-01,20
lubelskie,2020-07-01,7
śląskie,2020-06-30,84
opolskie,2020-06-30,44
wielkopolskie,2020-06-30,26
zachodniopomorskie,2020-06-30,2
świętokrzyskie,2020-06-30,8
kujawsko-pomorskie,2020-06-30,3
podlaskie,2020-06-30,20
dolnośląskie,2020-06-30,6
podkarpackie,2020-06-30,2
małopolskie,2020-06-30,44
pomorskie,2020-06-30,3
warmińsko-mazurskie,2020-06-30,2
łódzkie,2020-06-30,17
mazowieckie,2020-06-30,21
lubuskie,2020-06-30,2
śląskie,2020-06-29,78
opolskie,2020-06-29,31
wielkopolskie,2020-06-29,31
świętokrzyskie,2020-06-29,14
podlaskie,2020-06-29,17
dolnośląskie,2020-06-29,3
podkarpackie,2020-06-29,12
małopolskie,2020-06-29,16
pomorskie,2020-06-29,9
warmińsko-mazurskie,2020-06-29,2
łódzkie,2020-06-29,21
mazowieckie,2020-06-29,27
lubelskie,2020-06-29,9
śląskie,2020-06-28,30
opolskie,2020-06-28,19
wielkopolskie,2020-06-28,2
świętokrzyskie,2020-06-28,10
kujawsko-pomorskie,2020-06-28,3
podlaskie,2020-06-28,19
dolnośląskie,2020-06-28,2
podkarpackie,2020-06-28,14
małopolskie,2020-06-28,18
pomorskie,2020-06-28,4
warmińsko-mazurskie,2020-06-28,4
łódzkie,2020-06-28,26
mazowieckie,2020-06-28,32
lubelskie,2020-06-28,10
śląskie,2020-06-27,81
opolskie,2020-06-27,48
wielkopolskie,2020-06-27,48
zachodniopomorskie,2020-06-27,1
świętokrzyskie,2020-06-27,14
kujawsko-pomorskie,2020-06-27,5
podlaskie,2020-06-27,9
dolnośląskie,2020-06-27,6
podkarpackie,2020-06-27,18
małopolskie,2020-06-27,10
pomorskie,2020-06-27,5
łódzkie,2020-06-27,49
mazowieckie,2020-06-27,41
lubelskie,2020-06-27,10
lubuskie,2020-06-27,2
śląskie,2020-06-26,96
opolskie,2020-06-26,35
wielkopolskie,2020-06-26,35
zachodniopomorskie,2020-06-26,4
świętokrzyskie,2020-06-26,2
podlaskie,2020-06-26,15
dolnośląskie,2020-06-26,18
podkarpackie,2020-06-26,14
małopolskie,2020-06-26,17
pomorskie,2020-06-26,4
warmińsko-mazurskie,2020-06-26,9
łódzkie,2020-06-26,20
mazowieckie,2020-06-26,45
lubelskie,2020-06-26,3
lubuskie,2020-06-26,1
śląskie,2020-06-25,125
opolskie,2020-06-25,23
wielkopolskie,2020-06-25,9
zachodniopomorskie,2020-06-25,1
świętokrzyskie,2020-06-25,8
kujawsko-pomorskie,2020-06-25,8
podlaskie,2020-06-25,14
dolnośląskie,2020-06-25,6
podkarpackie,2020-06-25,12
małopolskie,2020-06-25,11
pomorskie,2020-06-25,8
warmińsko-mazurskie,2020-06-25,4
łódzkie,2020-06-25,39
mazowieckie,2020-06-25,29
lubelskie,2020-06-25,5
lubuskie,2020-06-25,1
śląskie,2020-06-24,108
opolskie,2020-06-24,17
wielkopolskie,2020-06-24,17
zachodniopomorskie,2020-06-24,4
świętokrzyskie,2020-06-24,21
kujawsko-pomorskie,2020-06-24,1
podlaskie,2020-06-24,13
dolnośląskie,2020-06-24,11
podkarpackie,2020-06-24,12
małopolskie,2020-06-24,5
pomorskie,2020-06-24,7
warmińsko-mazurskie,2020-06-24,10
łódzkie,2020-06-24,39
mazowieckie,2020-06-24,33
lubelskie,2020-06-24,4
śląskie,2020-06-23,129
opolskie,2020-06-23,27
wielkopolskie,2020-06-23,27
zachodniopomorskie,2020-06-23,2
świętokrzyskie,2020-06-23,2
podlaskie,2020-06-23,10
dolnośląskie,2020-06-23,10
podkarpackie,2020-06-23,8
małopolskie,2020-06-23,2
pomorskie,2020-06-23,19
warmińsko-mazurskie,2020-06-23,2
łódzkie,2020-06-23,40
mazowieckie,2020-06-23,40
lubelskie,2020-06-23,4
śląskie,2020-06-22,130
opolskie,2020-06-22,19
wielkopolskie,2020-06-22,19
świętokrzyskie,2020-06-22,15
podlaskie,2020-06-22,23
dolnośląskie,2020-06-22,4
podkarpackie,2020-06-22,8
małopolskie,2020-06-22,6
pomorskie,2020-06-22,2
warmińsko-mazurskie,2020-06-22,2
łódzkie,2020-06-22,48
mazowieckie,2020-06-22,33
lubelskie,2020-06-22,5
lubuskie,2020-06-22,1
śląskie,2020-06-21,128
opolskie,2020-06-21,16
wielkopolskie,2020-06-21,7
zachodniopomorskie,2020-06-21,1
świętokrzyskie,2020-06-21,6
kujawsko-pomorskie,2020-06-21,3
podlaskie,2020-06-21,15
dolnośląskie,2020-06-21,2
podkarpackie,2020-06-21,13
małopolskie,2020-06-21,16
pomorskie,2020-06-21,12
łódzkie,2020-06-21,43
mazowieckie,2020-06-21,39
lubelskie,2020-06-21,11
lubuskie,2020-06-21,1
śląskie,2020-06-20,114
opolskie,2020-06-20,23
wielkopolskie,2020-06-20,8
zachodniopomorskie,2020-06-20,1
świętokrzyskie,2020-06-20,11
kujawsko-pomorskie,2020-06-20,5
podlaskie,2020-06-20,15
dolnośląskie,2020-06-20,13
podkarpackie,2020-06-20,7
małopolskie,2020-06-20,23
pomorskie,2020-06-20,5
warmińsko-mazurskie,2020-06-20,2
łódzkie,2020-06-20,44
mazowieckie,2020-06-20,52
lubelskie,2020-06-20,5
lubuskie,2020-06-20,3
śląskie,2020-06-19,91
opolskie,2020-06-19,13
wielkopolskie,2020-06-19,11
zachodniopomorskie,2020-06-19,4
świętokrzyskie,2020-06-19,11
kujawsko-pomorskie,2020-06-19,3
podlaskie,2020-06-19,14
dolnośląskie,2020-06-19,13
podkarpackie,2020-06-19,13
małopolskie,2020-06-19,13
pomorskie,2020-06-19,4
warmińsko-mazurskie,2020-06-19,5
łódzkie,2020-06-19,63
mazowieckie,2020-06-19,84
lubelskie,2020-06-19,15
śląskie,2020-06-18,88
opolskie,2020-06-18,12
wielkopolskie,2020-06-18,9
świętokrzyskie,2020-06-18,18
kujawsko-pomorskie,2020-06-18,11
podlaskie,2020-06-18,13
dolnośląskie,2020-06-18,11
podkarpackie,2020-06-18,12
małopolskie,2020-06-18,12
pomorskie,2020-06-18,11
warmińsko-mazurskie,2020-06-18,6
łódzkie,2020-06-18,75
mazowieckie,2020-06-18,44
lubelskie,2020-06-18,6
śląskie,2020-06-17,209
opolskie,2020-06-17,23
wielkopolskie,2020-06-17,12
zachodniopomorskie,2020-06-17,3
świętokrzyskie,2020-06-17,22
kujawsko-pomorskie,2020-06-17,3
podlaskie,2020-06-17,18
dolnośląskie,2020-06-17,36
podkarpackie,2020-06-17,19
małopolskie,2020-06-17,23
pomorskie,2020-06-17,6
warmińsko-mazurskie,2020-06-17,9
łódzkie,2020-06-17,64
mazowieckie,2020-06-17,57
lubelskie,2020-06-17,11
lubuskie,2020-06-17,7
śląskie,2020-06-16,216
opolskie,2020-06-16,12
wielkopolskie,2020-06-16,8
zachodniopomorskie,2020-06-16,5
świętokrzyskie,2020-06-16,11
kujawsko-pomorskie,2020-06-16,1
podlaskie,2020-06-16,7
dolnośląskie,2020-06-16,11
podkarpackie,2020-06-16,13
małopolskie,2020-06-16,12
pomorskie,2020-06-16,5
warmińsko-mazurskie,2020-06-16,6
łódzkie,2020-06-16,62
mazowieckie,2020-06-16,36
lubelskie,2020-06-16,9
śląskie,2020-06-15,188
opolskie,2020-06-15,17
wielkopolskie,2020-06-15,17
zachodniopomorskie,2020-06-15,2
świętokrzyskie,2020-06-15,14
podlaskie,2020-06-15,13
podkarpackie,2020-06-15,14
małopolskie,2020-06-15,9
pomorskie,2020-06-15,2
łódzkie,2020-06-15,73
mazowieckie,2020-06-15,56
lubelskie,2020-06-15,1
lubuskie,2020-06-15,1
śląskie,2020-06-14,160
opolskie,2020-06-14,16
wielkopolskie,2020-06-14,14
zachodniopomorskie,2020-06-14,5
świętokrzyskie,2020-06-14,13
kujawsko-pomorskie,2020-06-14,12
podlaskie,2020-06-14,23
podkarpackie,2020-06-14,20
małopolskie,2020-06-14,16
pomorskie,2020-06-14,12
warmińsko-mazurskie,2020-06-14,1
łódzkie,2020-06-14,39
mazowieckie,2020-06-14,52
lubelskie,2020-06-14,13
lubuskie,2020-06-14,1
śląskie,2020-06-13,209
opolskie,2020-06-13,24
wielkopolskie,2020-06-13,24
zachodniopomorskie,2020-06-13,7
świętokrzyskie,2020-06-13,2
kujawsko-pomorskie,2020-06-13,4
podlaskie,2020-06-13,9
dolnośląskie,2020-06-13,17
podkarpackie,2020-06-13,16
małopolskie,2020-06-13,18
pomorskie,2020-06-13,7
łódzkie,2020-06-13,37
mazowieckie,2020-06-13,66
lubelskie,2020-06-13,6
lubuskie,2020-06-13,1
śląskie,2020-06-12,138
opolskie,2020-06-12,13
wielkopolskie,2020-06-12,12
świętokrzyskie,2020-06-12,11
kujawsko-pomorskie,2020-06-12,2
podlaskie,2020-06-12,17
dolnośląskie,2020-06-12,1
podkarpackie,2020-06-12,8
małopolskie,2020-06-12,13
pomorskie,2020-06-12,2
łódzkie,2020-06-12,90
mazowieckie,2020-06-12,68
lubuskie,2020-06-12,1
śląskie,2020-06-11,157
opolskie,2020-06-11,27
wielkopolskie,2020-06-11,27
zachodniopomorskie,2020-06-11,2
świętokrzyskie,2020-06-11,5
kujawsko-pomorskie,2020-06-11,2
podlaskie,2020-06-11,9
dolnośląskie,2020-06-11,10
podkarpackie,2020-06-11,2
małopolskie,2020-06-11,9
pomorskie,2020-06-11,2
warmińsko-mazurskie,2020-06-11,4
łódzkie,2020-06-11,73
mazowieckie,2020-06-11,54
lubelskie,2020-06-11,2
śląskie,2020-06-10,22
opolskie,2020-06-10,10
wielkopolskie,2020-06-10,1
zachodniopomorskie,2020-06-10,1
świętokrzyskie,2020-06-10,2
podlaskie,2020-06-10,8
dolnośląskie,2020-06-10,2
podkarpackie,2020-06-10,5
małopolskie,2020-06-10,10
pomorskie,2020-06-10,1
łódzkie,2020-06-10,38
mazowieckie,2020-06-10,85
śląskie,2020-06-09,11
opolskie,2020-06-09,17
wielkopolskie,2020-06-09,13
zachodniopomorskie,2020-06-09,5
dolnośląskie,2020-06-09,8
podkarpackie,2020-06-09,11
małopolskie,2020-06-09,17
pomorskie,2020-06-09,5
łódzkie,2020-06-09,45
mazowieckie,2020-06-09,80
lubuskie,2020-06-09,1
śląskie,2020-06-08,175
opolskie,2020-06-08,29
wielkopolskie,2020-06-08,6
kujawsko-pomorskie,2020-06-08,1
podlaskie,2020-06-08,5
dolnośląskie,2020-06-08,10
podkarpackie,2020-06-08,2
małopolskie,2020-06-08,29
pomorskie,2020-06-08,1
łódzkie,2020-06-08,77
mazowieckie,2020-06-08,74
śląskie,2020-06-07,108
opolskie,2020-06-07,25
wielkopolskie,2020-06-07,6
podlaskie,2020-06-07,9
dolnośląskie,2020-06-07,4
podkarpackie,2020-06-07,2
małopolskie,2020-06-07,25
pomorskie,2020-06-07,1
łódzkie,2020-06-07,119
mazowieckie,2020-06-07,36
lubelskie,2020-06-07,2
śląskie,2020-06-06,156
opolskie,2020-06-06,27
wielkopolskie,2020-06-06,27
podlaskie,2020-06-06,1
dolnośląskie,2020-06-06,7
podkarpackie,2020-06-06,1
małopolskie,2020-06-06,10
pomorskie,2020-06-06,1
łódzkie,2020-06-06,62
mazowieckie,2020-06-06,47
śląskie,2020-06-05,96
opolskie,2020-06-05,12
zachodniopomorskie,2020-06-05,1
świętokrzyskie,2020-06-05,1
podlaskie,2020-06-05,2
dolnośląskie,2020-06-05,13
małopolskie,2020-06-05,12
pomorskie,2020-06-05,1
łódzkie,2020-06-05,47
mazowieckie,2020-06-05,58
lubelskie,2020-06-05,1
lubuskie,2020-06-05,1
śląskie,2020-06-04,104
opolskie,2020-06-04,15
wielkopolskie,2020-06-04,6
świętokrzyskie,2020-06-04,5
kujawsko-pomorskie,2020-06-04,1
podlaskie,2020-06-04,1
dolnośląskie,2020-06-04,3
małopolskie,2020-06-04,15
pomorskie,2020-06-04,1
śląskie,2020-06-03,31
opolskie,2020-06-03,8
świętokrzyskie,2020-06-03,4
kujawsko-pomorskie,2020-06-03,1
podlaskie,2020-06-03,5
dolnośląskie,2020-06-03,7
małopolskie,2020-06-03,8
pomorskie,2020-06-03,1
łódzkie,2020-06-03,54
mazowieckie,2020-06-03,28
lubuskie,2020-06-03,1
śląskie,2020-06-02,56
opolskie,2020-06-02,10
zachodniopomorskie,2020-06-02,1
świętokrzyskie,2020-06-02,7
kujawsko-pomorskie,2020-06-02,1
podlaskie,2020-06-02,3
dolnośląskie,2020-06-02,7
małopolskie,2020-06-02,10
pomorskie,2020-06-02,1
łódzkie,2020-06-02,8
mazowieckie,2020-06-02,32
śląskie,2020-06-01,30
opolskie,2020-06-01,6
wielkopolskie,2020-06-01,1
świętokrzyskie,2020-06-01,3
podlaskie,2020-06-01,5
dolnośląskie,2020-06-01,30
małopolskie,2020-06-01,6
pomorskie,2020-06-01,2
łódzkie,2020-06-01,57
mazowieckie,2020-06-01,47
śląskie,2020-05-31,92
opolskie,2020-05-31,3
wielkopolskie,2020-05-31,3
zachodniopomorskie,2020-05-31,1
świętokrzyskie,2020-05-31,5
dolnośląskie,2020-05-31,4
podkarpackie,2020-05-31,1
pomorskie,2020-05-31,1
lubelskie,2020-05-31,7
śląskie,2020-05-30,54
opolskie,2020-05-30,12
wielkopolskie,2020-05-30,1
świętokrzyskie,2020-05-30,29
podlaskie,2020-05-30,1
dolnośląskie,2020-05-30,11
małopolskie,2020-05-30,12
łódzkie,2020-05-30,35
mazowieckie,2020-05-30,52
śląskie,2020-05-29,93
opolskie,2020-05-29,9
wielkopolskie,2020-05-29,8
świętokrzyskie,2020-05-29,1
podlaskie,2020-05-29,3
dolnośląskie,2020-05-29,13
małopolskie,2020-05-29,9
pomorskie,2020-05-29,1
łódzkie,2020-05-29,30
mazowieckie,2020-05-29,33
lubelskie,2020-05-29,1
śląskie,2020-05-28,69
opolskie,2020-05-28,12
wielkopolskie,2020-05-28,12
świętokrzyskie,2020-05-28,6
podlaskie,2020-05-28,3
dolnośląskie,2020-05-28,11
podkarpackie,2020-05-28,2
małopolskie,2020-05-28,5
pomorskie,2020-05-28,2
łódzkie,2020-05-28,46
mazowieckie,2020-05-28,65
lubuskie,2020-05-28,1
śląskie,2020-05-27,70
opolskie,2020-05-27,7
wielkopolskie,2020-05-27,1
świętokrzyskie,2020-05-27,4
podlaskie,2020-05-27,7
dolnośląskie,2020-05-27,15
małopolskie,2020-05-27,1
łódzkie,2020-05-27,28
mazowieckie,2020-05-27,37
śląskie,2020-05-26,87
opolskie,2020-05-26,5
wielkopolskie,2020-05-26,5
zachodniopomorskie,2020-05-26,4
podlaskie,2020-05-26,5
dolnośląskie,2020-05-26,6
pomorskie,2020-05-26,4
łódzkie,2020-05-26,22
mazowieckie,2020-05-26,76
lubuskie,2020-05-26,3
śląskie,2020-05-25,69
opolskie,2020-05-25,1
wielkopolskie,2020-05-25,1
świętokrzyskie,2020-05-25,6
kujawsko-pomorskie,2020-05-25,1
podlaskie,2020-05-25,2
dolnośląskie,2020-05-25,22
pomorskie,2020-05-25,4
łódzkie,2020-05-25,15
mazowieckie,2020-05-25,66
lubelskie,2020-05-25,2
lubuskie,2020-05-25,4
śląskie,2020-05-24,24
opolskie,2020-05-24,5
świętokrzyskie,2020-05-24,1
kujawsko-pomorskie,2020-05-24,1
podlaskie,2020-05-24,1
dolnośląskie,2020-05-24,11
podkarpackie,2020-05-24,1
małopolskie,2020-05-24,5
pomorskie,2020-05-24,2
łódzkie,2020-05-24,23
mazowieckie,2020-05-24,20
lubuskie,2020-05-24,1
śląskie,2020-05-23,21
opolskie,2020-05-23,1
kujawsko-pomorskie,2020-05-23,1
podlaskie,2020-05-23,2
dolnośląskie,2020-05-23,21
podkarpackie,2020-05-23,1
małopolskie,2020-05-23,1
pomorskie,2020-05-23,2
łódzkie,2020-05-23,12
mazowieckie,2020-05-23,40
śląskie,2020-05-22,117
opolskie,2020-05-22,1
kujawsko-pomorskie,2020-05-22,1
podlaskie,2020-05-22,2
dolnośląskie,2020-05-22,52
podkarpackie,2020-05-22,1
małopolskie,2020-05-22,1
pomorskie,2020-05-22,1
łódzkie,2020-05-22,37
mazowieckie,2020-05-22,29
śląskie,2020-05-21,62
opolskie,2020-05-21,10
wielkopolskie,2020-05-21,10
kujawsko-pomorskie,2020-05-21,2
dolnośląskie,2020-05-21,16
podkarpackie,2020-05-21,1
małopolskie,2020-05-21,5
pomorskie,2020-05-21,2
łódzkie,2020-05-21,6
mazowieckie,2020-05-21,46
lubelskie,2020-05-21,2
śląskie,2020-05-20,93
opolskie,2020-05-20,5
świętokrzyskie,2020-05-20,2
kujawsko-pomorskie,2020-05-20,1
podlaskie,2020-05-20,1
dolnośląskie,2020-05-20,9
pomorskie,2020-05-20,1
łódzkie,2020-05-20,16
mazowieckie,2020-05-20,42
śląskie,2020-05-19,113
opolskie,2020-05-19,4
świętokrzyskie,2020-05-19,1
kujawsko-pomorskie,2020-05-19,1
podlaskie,2020-05-19,7
dolnośląskie,2020-05-19,16
małopolskie,2020-05-19,2
pomorskie,2020-05-19,1
łódzkie,2020-05-19,6
mazowieckie,2020-05-19,37
śląskie,2020-05-18,42
opolskie,2020-05-18,10
wielkopolskie,2020-05-18,10
zachodniopomorskie,2020-05-18,1
dolnośląskie,2020-05-18,34
małopolskie,2020-05-18,4
pomorskie,2020-05-18,1
łódzkie,2020-05-18,11
mazowieckie,2020-05-18,33
śląskie,2020-05-17,88
opolskie,2020-05-17,15
wielkopolskie,2020-05-17,15
zachodniopomorskie,2020-05-17,1
dolnośląskie,2020-05-17,2
małopolskie,2020-05-17,1
pomorskie,2020-05-17,1
łódzkie,2020-05-17,6
mazowieckie,2020-05-17,21
śląskie,2020-05-16,27
opolskie,2020-05-16,3
dolnośląskie,2020-05-16,9
małopolskie,2020-05-16,3
pomorskie,2020-05-16,6
łódzkie,2020-05-16,7
mazowieckie,2020-05-16,19
śląskie,2020-05-15,89
opolskie,2020-05-15,15
wielkopolskie,2020-05-15,15
podlaskie,2020-05-15,1
dolnośląskie,2020-05-15,13
małopolskie,2020-05-15,4
pomorskie,2020-05-15,1
łódzkie,2020-05-15,8
mazowieckie,2020-05-15,28
śląskie,2020-05-14,93
opolskie,2020-05-14,9
wielkopolskie,2020-05-14,1
zachodniopomorskie,2020-05-14,1
kujawsko-pomorskie,2020-05-14,1
podlaskie,2020-05-14,1
dolnośląskie,2020-05-14,6
podkarpackie,2020-05-14,1
małopolskie,2020-05-14,9
pomorskie,2020-05-14,1
łódzkie,2020-05-14,7
mazowieckie,2020-05-14,22
lubelskie,2020-05-14,1
śląskie,2020-05-13,54
opolskie,2020-05-13,7
wielkopolskie,2020-05-13,1
zachodniopomorskie,2020-05-13,1
dolnośląskie,2020-05-13,12
małopolskie,2020-05-13,7
pomorskie,2020-05-13,2
warmińsko-mazurskie,2020-05-13,1
łódzkie,2020-05-13,11
mazowieckie,2020-05-13,51
śląskie,2020-05-12,288
opolskie,2020-05-12,5
wielkopolskie,2020-05-12,5
zachodniopomorskie,2020-05-12,3
podlaskie,2020-05-12,1
dolnośląskie,2020-05-12,25
małopolskie,2020-05-12,2
pomorskie,2020-05-12,3
łódzkie,2020-05-12,13
mazowieckie,2020-05-12,21
lubelskie,2020-05-12,1
śląskie,2020-05-11,71
opolskie,2020-05-11,10
wielkopolskie,2020-05-11,2
dolnośląskie,2020-05-11,6
małopolskie,2020-05-11,10
łódzkie,2020-05-11,10
mazowieckie,2020-05-11,17
lubelskie,2020-05-11,4
śląskie,2020-05-10,108
opolskie,2020-05-10,2
wielkopolskie,2020-05-10,1
zachodniopomorskie,2020-05-10,1
dolnośląskie,2020-05-10,23
małopolskie,2020-05-10,2
pomorskie,2020-05-10,1
łódzkie,2020-05-10,12
mazowieckie,2020-05-10,26
śląskie,2020-05-09,75
opolskie,2020-05-09,1
zachodniopomorskie,2020-05-09,2
świętokrzyskie,2020-05-09,1
dolnośląskie,2020-05-09,14
małopolskie,2020-05-09,1
pomorskie,2020-05-09,2
łódzkie,2020-05-09,16
mazowieckie,2020-05-09,34
śląskie,2020-05-08,108
opolskie,2020-05-08,7
wielkopolskie,2020-05-08,5
świętokrzyskie,2020-05-08,1
podlaskie,2020-05-08,2
dolnośląskie,2020-05-08,23
małopolskie,2020-05-08,5
łódzkie,2020-05-08,14
mazowieckie,2020-05-08,22
śląskie,2020-05-07,38
opolskie,2020-05-07,9
wielkopolskie,2020-05-07,1
zachodniopomorskie,2020-05-07,2
świętokrzyskie,2020-05-07,3
dolnośląskie,2020-05-07,8
podkarpackie,2020-05-07,1
małopolskie,2020-05-07,9
pomorskie,2020-05-07,2
łódzkie,2020-05-07,59
mazowieckie,2020-05-07,36
lubelskie,2020-05-07,1
lubuskie,2020-05-07,1
śląskie,2020-05-06,12
opolskie,2020-05-06,6
wielkopolskie,2020-05-06,6
zachodniopomorskie,2020-05-06,1
podlaskie,2020-05-06,1
dolnośląskie,2020-05-06,3
małopolskie,2020-05-06,1
pomorskie,2020-05-06,1
łódzkie,2020-05-06,27
mazowieckie,2020-05-06,42
śląskie,2020-05-05,35
opolskie,2020-05-05,8
wielkopolskie,2020-05-05,8
zachodniopomorskie,2020-05-05,5
dolnośląskie,2020-05-05,35
podkarpackie,2020-05-05,1
małopolskie,2020-05-05,5
pomorskie,2020-05-05,5
łódzkie,2020-05-05,20
mazowieckie,2020-05-05,78
śląskie,2020-05-04,19
opolskie,2020-05-04,6
zachodniopomorskie,2020-05-04,1
dolnośląskie,2020-05-04,3
podkarpackie,2020-05-04,7
małopolskie,2020-05-04,2
pomorskie,2020-05-04,1
łódzkie,2020-05-04,19
mazowieckie,2020-05-04,12
śląskie,2020-05-03,130
opolskie,2020-05-03,24
wielkopolskie,2020-05-03,24
zachodniopomorskie,2020-05-03,8
świętokrzyskie,2020-05-03,7
kujawsko-pomorskie,2020-05-03,3
podlaskie,2020-05-03,1
dolnośląskie,2020-05-03,25
podkarpackie,2020-05-03,9
małopolskie,2020-05-03,10
pomorskie,2020-05-03,8
łódzkie,2020-05-03,43
mazowieckie,2020-05-03,31
lubelskie,2020-05-03,7
lubuskie,2020-05-03,1
śląskie,2020-05-02,66
opolskie,2020-05-02,51
wielkopolskie,2020-05-02,51
zachodniopomorskie,2020-05-02,5
świętokrzyskie,2020-05-02,1
kujawsko-pomorskie,2020-05-02,4
podlaskie,2020-05-02,2
dolnośląskie,2020-05-02,40
podkarpackie,2020-05-02,4
małopolskie,2020-05-02,21
pomorskie,2020-05-02,6
łódzkie,2020-05-02,34
mazowieckie,2020-05-02,25
lubelskie,2020-05-02,2
śląskie,2020-05-01,141
opolskie,2020-05-01,16
wielkopolskie,2020-05-01,2
zachodniopomorskie,2020-05-01,5
kujawsko-pomorskie,2020-05-01,6
dolnośląskie,2020-05-01,17
podkarpackie,2020-05-01,8
małopolskie,2020-05-01,16
pomorskie,2020-05-01,6
łódzkie,2020-05-01,18
lubelskie,2020-05-01,5
śląskie,2020-04-30,42
opolskie,2020-04-30,19
wielkopolskie,2020-04-30,5
zachodniopomorskie,2020-04-30,9
świętokrzyskie,2020-04-30,1
podlaskie,2020-04-30,2
dolnośląskie,2020-04-30,37
podkarpackie,2020-04-30,1
małopolskie,2020-04-30,19
pomorskie,2020-04-30,9
łódzkie,2020-04-30,18
mazowieckie,2020-04-30,25
śląskie,2020-04-29,102
opolskie,2020-04-29,16
wielkopolskie,2020-04-29,16
dolnośląskie,2020-04-29,20
małopolskie,2020-04-29,13
pomorskie,2020-04-29,2
łódzkie,2020-04-29,32
mazowieckie,2020-04-29,36
śląskie,2020-04-28,25
opolskie,2020-04-28,17
wielkopolskie,2020-04-28,17
kujawsko-pomorskie,2020-04-28,19
podlaskie,2020-04-28,2
dolnośląskie,2020-04-28,25
podkarpackie,2020-04-28,8
małopolskie,2020-04-28,3
pomorskie,2020-04-28,19
łódzkie,2020-04-28,14
mazowieckie,2020-04-28,15
śląskie,2020-04-27,43
opolskie,2020-04-27,8
wielkopolskie,2020-04-27,2
zachodniopomorskie,2020-04-27,2
dolnośląskie,2020-04-27,43
podkarpackie,2020-04-27,3
małopolskie,2020-04-27,8
pomorskie,2020-04-27,6
łódzkie,2020-04-27,35
mazowieckie,2020-04-27,28
śląskie,2020-04-26,53
opolskie,2020-04-26,7
zachodniopomorskie,2020-04-26,2
świętokrzyskie,2020-04-26,1
kujawsko-pomorskie,2020-04-26,4
podlaskie,2020-04-26,1
dolnośląskie,2020-04-26,48
podkarpackie,2020-04-26,2
małopolskie,2020-04-26,7
pomorskie,2020-04-26,36
łódzkie,2020-04-26,19
mazowieckie,2020-04-26,46
lubuskie,2020-04-26,1
śląskie,2020-04-25,15
opolskie,2020-04-25,6
świętokrzyskie,2020-04-25,1
podlaskie,2020-04-25,11
dolnośląskie,2020-04-25,9
podkarpackie,2020-04-25,23
małopolskie,2020-04-25,6
pomorskie,2020-04-25,22
łódzkie,2020-04-25,23
mazowieckie,2020-04-25,96
śląskie,2020-04-24,14
opolskie,2020-04-24,12
wielkopolskie,2020-04-24,2
zachodniopomorskie,2020-04-24,2
świętokrzyskie,2020-04-24,1
kujawsko-pomorskie,2020-04-24,1
podlaskie,2020-04-24,2
dolnośląskie,2020-04-24,14
podkarpackie,2020-04-24,9
małopolskie,2020-04-24,12
pomorskie,2020-04-24,5
warmińsko-mazurskie,2020-04-24,1
łódzkie,2020-04-24,32
mazowieckie,2020-04-24,40
śląskie,2020-04-23,39
opolskie,2020-04-23,17
wielkopolskie,2020-04-23,2
zachodniopomorskie,2020-04-23,2
podlaskie,2020-04-23,4
dolnośląskie,2020-04-23,39
podkarpackie,2020-04-23,3
małopolskie,2020-04-23,17
pomorskie,2020-04-23,2
łódzkie,2020-04-23,16
mazowieckie,2020-04-23,68
śląskie,2020-04-22,34
opolskie,2020-04-22,8
wielkopolskie,2020-04-22,2
zachodniopomorskie,2020-04-22,4
świętokrzyskie,2020-04-22,5
podlaskie,2020-04-22,2
dolnośląskie,2020-04-22,8
podkarpackie,2020-04-22,5
małopolskie,2020-04-22,8
pomorskie,2020-04-22,4
łódzkie,2020-04-22,15
mazowieckie,2020-04-22,39
lubuskie,2020-04-22,1
śląskie,2020-04-21,19
opolskie,2020-04-21,23
wielkopolskie,2020-04-21,13
świętokrzyskie,2020-04-21,8
kujawsko-pomorskie,2020-04-21,5
podlaskie,2020-04-21,1
dolnośląskie,2020-04-21,19
podkarpackie,2020-04-21,4
małopolskie,2020-04-21,23
pomorskie,2020-04-21,5
łódzkie,2020-04-21,13
mazowieckie,2020-04-21,29
lubuskie,2020-04-21,1
śląskie,2020-04-20,18
opolskie,2020-04-20,16
wielkopolskie,2020-04-20,16
zachodniopomorskie,2020-04-20,3
świętokrzyskie,2020-04-20,13
podlaskie,2020-04-20,3
dolnośląskie,2020-04-20,12
podkarpackie,2020-04-20,3
małopolskie,2020-04-20,7
pomorskie,2020-04-20,4
łódzkie,2020-04-20,22
mazowieckie,2020-04-20,38
lubuskie,2020-04-20,1
śląskie,2020-04-19,30
opolskie,2020-04-19,42
wielkopolskie,2020-04-19,42
zachodniopomorskie,2020-04-19,7
świętokrzyskie,2020-04-19,7
podlaskie,2020-04-19,3
dolnośląskie,2020-04-19,30
podkarpackie,2020-04-19,4
małopolskie,2020-04-19,8
pomorskie,2020-04-19,7
łódzkie,2020-04-19,20
mazowieckie,2020-04-19,56
śląskie,2020-04-18,19
opolskie,2020-04-18,23
zachodniopomorskie,2020-04-18,12
świętokrzyskie,2020-04-18,9
kujawsko-pomorskie,2020-04-18,3
podlaskie,2020-04-18,4
dolnośląskie,2020-04-18,13
podkarpackie,2020-04-18,4
małopolskie,2020-04-18,23
pomorskie,2020-04-18,12
łódzkie,2020-04-18,33
mazowieckie,2020-04-18,53
lubelskie,2020-04-18,1
śląskie,2020-04-17,31
opolskie,2020-04-17,16
wielkopolskie,2020-04-17,14
zachodniopomorskie,2020-04-17,2
świętokrzyskie,2020-04-17,13
podlaskie,2020-04-17,3
dolnośląskie,2020-04-17,31
małopolskie,2020-04-17,11
pomorskie,2020-04-17,2
warmińsko-mazurskie,2020-04-17,2
łódzkie,2020-04-17,17
mazowieckie,2020-04-17,37
lubelskie,2020-04-17,3
śląskie,2020-04-16,36
opolskie,2020-04-16,4
wielkopolskie,2020-04-16,1
świętokrzyskie,2020-04-16,2
podlaskie,2020-04-16,5
dolnośląskie,2020-04-16,36
podkarpackie,2020-04-16,1
małopolskie,2020-04-16,4
warmińsko-mazurskie,2020-04-16,4
łódzkie,2020-04-16,18
mazowieckie,2020-04-16,54
śląskie,2020-04-15,10
opolskie,2020-04-15,35
wielkopolskie,2020-04-15,35
zachodniopomorskie,2020-04-15,3
świętokrzyskie,2020-04-15,9
kujawsko-pomorskie,2020-04-15,4
podlaskie,2020-04-15,1
dolnośląskie,2020-04-15,10
podkarpackie,2020-04-15,6
małopolskie,2020-04-15,10
pomorskie,2020-04-15,4
warmińsko-mazurskie,2020-04-15,1
łódzkie,2020-04-15,5
mazowieckie,2020-04-15,77
śląskie,2020-04-14,41
opolskie,2020-04-14,19
wielkopolskie,2020-04-14,6
zachodniopomorskie,2020-04-14,2
świętokrzyskie,2020-04-14,12
kujawsko-pomorskie,2020-04-14,7
podlaskie,2020-04-14,10
dolnośląskie,2020-04-14,10
małopolskie,2020-04-14,3
pomorskie,2020-04-14,7
łódzkie,2020-04-14,16
mazowieckie,2020-04-14,27
śląskie,2020-04-13,33
opolskie,2020-04-13,86
wielkopolskie,2020-04-13,86
zachodniopomorskie,2020-04-13,10
kujawsko-pomorskie,2020-04-13,9
podlaskie,2020-04-13,16
dolnośląskie,2020-04-13,12
podkarpackie,2020-04-13,4
małopolskie,2020-04-13,14
pomorskie,2020-04-13,10
łódzkie,2020-04-13,22
mazowieckie,2020-04-13,24
lubelskie,2020-04-13,6
śląskie,2020-04-12,65
opolskie,2020-04-12,29
wielkopolskie,2020-04-12,29
zachodniopomorskie,2020-04-12,2
świętokrzyskie,2020-04-12,5
kujawsko-pomorskie,2020-04-12,23
podlaskie,2020-04-12,27
dolnośląskie,2020-04-12,37
podkarpackie,2020-04-12,1
małopolskie,2020-04-12,19
pomorskie,2020-04-12,23
warmińsko-mazurskie,2020-04-12,11
łódzkie,2020-04-12,37
mazowieckie,2020-04-12,35
lubelskie,2020-04-12,9
lubuskie,2020-04-12,2
śląskie,2020-04-11,18
opolskie,2020-04-11,48
wielkopolskie,2020-04-11,48
zachodniopomorskie,2020-04-11,3
podlaskie,2020-04-11,3
dolnośląskie,2020-04-11,3
podkarpackie,2020-04-11,6
małopolskie,2020-04-11,16
pomorskie,2020-04-11,3
łódzkie,2020-04-11,29
mazowieckie,2020-04-11,128
lubelskie,2020-04-11,1
lubuskie,2020-04-11,2
śląskie,2020-04-10,9
opolskie,2020-04-10,38
wielkopolskie,2020-04-10,38
podlaskie,2020-04-10,16
dolnośląskie,2020-04-10,9
podkarpackie,2020-04-10,15
małopolskie,2020-04-10,10
pomorskie,2020-04-10,2
łódzkie,2020-04-10,31
mazowieckie,2020-04-10,77
lubelskie,2020-04-10,10
lubuskie,2020-04-10,1
śląskie,2020-04-09,28
opolskie,2020-04-09,19
wielkopolskie,2020-04-09,19
zachodniopomorskie,2020-04-09,4
podlaskie,2020-04-09,8
dolnośląskie,2020-04-09,8
podkarpackie,2020-04-09,7
małopolskie,2020-04-09,12
pomorskie,2020-04-09,4
łódzkie,2020-04-09,32
mazowieckie,2020-04-09,110
lubelskie,2020-04-09,2
lubuskie,2020-04-09,1
śląskie,2020-12-08,852
opolskie,2020-12-08,1072
wielkopolskie,2020-12-08,580
zachodniopomorskie,2020-12-08,486
świętokrzyskie,2020-12-08,182
kujawsko-pomorskie,2020-12-08,690
podlaskie,2020-12-08,193
dolnośląskie,2020-12-08,566
podkarpackie,2020-12-08,204
małopolskie,2020-12-08,1072
pomorskie,2020-12-08,690
warmińsko-mazurskie,2020-12-08,528
łódzkie,2020-12-08,563
mazowieckie,2020-12-08,960
lubelskie,2020-12-08,416
lubuskie,2020-12-08,174
śląskie,2020-12-07,287
opolskie,2020-12-07,424
wielkopolskie,2020-12-07,424
zachodniopomorskie,2020-12-07,529
świętokrzyskie,2020-12-07,69
kujawsko-pomorskie,2020-12-07,351
podlaskie,2020-12-07,155
dolnośląskie,2020-12-07,287
podkarpackie,2020-12-07,155
małopolskie,2020-12-07,214
pomorskie,2020-12-07,529
warmińsko-mazurskie,2020-12-07,217
łódzkie,2020-12-07,238
mazowieckie,2020-12-07,609
lubelskie,2020-12-07,177
lubuskie,2020-12-07,163
śląskie,2020-12-06,908
opolskie,2020-12-06,1096
wielkopolskie,2020-12-06,1096
zachodniopomorskie,2020-12-06,674
świętokrzyskie,2020-12-06,187
kujawsko-pomorskie,2020-12-06,718
podlaskie,2020-12-06,223
dolnośląskie,2020-12-06,476
podkarpackie,2020-12-06,184
małopolskie,2020-12-06,380
pomorskie,2020-12-06,874
warmińsko-mazurskie,2020-12-06,692
łódzkie,2020-12-06,561
mazowieckie,2020-12-06,1170
lubelskie,2020-12-06,353
lubuskie,2020-12-06,325
śląskie,2020-12-05,1283
opolskie,2020-12-05,1195
wielkopolskie,2020-12-05,1195
zachodniopomorskie,2020-12-05,974
świętokrzyskie,2020-12-05,209
kujawsko-pomorskie,2020-12-05,1091
podlaskie,2020-12-05,287
dolnośląskie,2020-12-05,920
podkarpackie,2020-12-05,255
małopolskie,2020-12-05,548
pomorskie,2020-12-05,1091
warmińsko-mazurskie,2020-12-05,762
łódzkie,2020-12-05,897
mazowieckie,2020-12-05,1574
lubelskie,2020-12-05,728
lubuskie,2020-12-05,339
śląskie,2020-12-04,1355
opolskie,2020-12-04,1380
wielkopolskie,2020-12-04,1380
zachodniopomorskie,2020-12-04,999
świętokrzyskie,2020-12-04,252
kujawsko-pomorskie,2020-12-04,1081
podlaskie,2020-12-04,373
dolnośląskie,2020-12-04,828
podkarpackie,2020-12-04,324
małopolskie,2020-12-04,599
pomorskie,2020-12-04,1081
warmińsko-mazurskie,2020-12-04,964
łódzkie,2020-12-04,915
mazowieckie,2020-12-04,1643
lubelskie,2020-12-04,713
lubuskie,2020-12-04,482
śląskie,2020-12-03,1531
opolskie,2020-12-03,1755
wielkopolskie,2020-12-03,1755
zachodniopomorskie,2020-12-03,939
świętokrzyskie,2020-12-03,353
kujawsko-pomorskie,2020-12-03,1354
podlaskie,2020-12-03,356
dolnośląskie,2020-12-03,844
podkarpackie,2020-12-03,413
małopolskie,2020-12-03,646
pomorskie,2020-12-03,1354
warmińsko-mazurskie,2020-12-03,1058
łódzkie,2020-12-03,889
mazowieckie,2020-12-03,1780
lubelskie,2020-12-03,793
lubuskie,2020-12-03,358
